,mean,std,nr
96,5.878396739130435,3.053926495565286,1472.0
97,5.839050131926121,3.0417044284131824,1516.0
98,5.7994875080076875,3.030215316671197,1561.0
99,5.76214196762142,3.0188543794387157,1606.0
100,5.7257869249394675,3.007036113579153,1652.0
101,5.691401648998822,2.995409418822949,1698.0
102,5.654639175257732,2.9850388566563226,1746.0
103,5.61984392419175,2.974771552088644,1794.0
104,5.58686210640608,2.9646296265990393,1842.0
105,5.554439746300211,2.953311356305398,1892.0
106,5.520844055584148,2.9441161115948606,1943.0
107,5.4874749498997994,2.933915999924039,1996.0
108,5.45609756097561,2.9231701555278593,2050.0
109,5.4245014245014245,2.911888623729468,2106.0
110,5.394542090656799,2.900833274520666,2162.0
111,5.363186318631863,2.8892127026079857,2222.0
112,5.329833770778652,2.8768528678265106,2286.0
113,5.2981709910676305,2.864157232643279,2351.0
114,5.2613542526837325,2.8516655102922455,2422.0
115,5.2208,2.839590229076658,2500.0
116,5.181465684373788,2.8278149955803817,2579.0
117,5.143233082706767,2.8157957315675035,2660.0
118,5.104227405247814,2.8042329704779676,2744.0
119,5.067515022976317,2.79232281462314,2829.0
120,5.030521262002743,2.781233582921879,2916.0
121,4.995670995670996,2.770294488547933,3003.0
122,4.960219922380336,2.760475008851077,3092.0
123,4.924623115577889,2.7505981155025516,3184.0
124,4.891025641025641,2.7408192987964957,3276.0
125,4.857439857439857,2.729516221457564,3367.0
126,4.824515755998844,2.7187671707649366,3459.0
127,4.793297662630245,2.7081660799744376,3551.0
128,4.764140582097749,2.697939684068008,3642.0
129,4.7329408616537325,2.6890747206614463,3737.0
130,4.7004956952778505,2.678695477643268,3833.0
131,4.6689567430025445,2.6684202180939343,3930.0
132,4.638033763654419,2.6583570092126703,4028.0
133,4.607558139534884,2.64818832907119,4128.0
134,4.577331759149941,2.6394693148032617,4235.0
135,4.54696132596685,2.63132705753172,4344.0
136,4.514349775784753,2.6230678175732796,4460.0
137,4.477862595419848,2.615733167379821,4585.0
138,4.440084835630965,2.608194389474269,4715.0
139,4.403382140647556,2.600020013445337,4849.0
140,4.366553037898536,2.5921423523552756,4987.0
141,4.330083837005264,2.58612070354073,5129.0
142,4.2915877226222054,2.5807499536139384,5278.0
143,4.253500368459838,2.575814983457274,5428.0
144,4.215949820788531,2.5713960248764254,5580.0
145,4.17806069061737,2.568007493458845,5734.0
146,4.139850644942294,2.565018152765041,5892.0
147,4.099884431236585,2.56277107079005,6057.0
148,4.060893316195373,2.560466618234904,6224.0
149,4.021419637273296,2.558405041826712,6396.0
150,3.98386360176587,2.555721577249421,6569.0
151,3.9470719051149,2.5530000224808793,6745.0
152,3.9106008087810515,2.5504773183831313,6924.0
153,3.8755805770584097,2.5473559100797423,7105.0
154,3.841773020447372,2.544162886782065,7287.0
155,3.8073320845598073,2.5414155007514356,7474.0
156,3.7734568706772804,2.538883753460559,7663.0
157,3.740387063916476,2.5362681661821487,7854.0
158,3.706795875264008,2.5334746535699137,8049.0
159,3.673580786026201,2.5303832688878836,8244.0
160,3.639720677003196,2.5265941033095363,8449.0
161,3.604132994689448,2.5222613995565806,8662.0
162,3.5677775275838775,2.517581415527115,8882.0
163,3.5314524097046878,2.5126434542741913,9109.0
164,3.4964128921726094,2.50723155915605,9339.0
165,3.46269592476489,2.501732756082305,9570.0
166,3.4286296900489397,2.4963323924889416,9808.0
167,3.3950248756218904,2.490937924324531,10050.0
168,3.362541286186128,2.485418388953575,10294.0
169,3.3299497201404042,2.4799850582840826,10541.0
170,3.297933463071078,2.4746564138596625,10791.0
171,3.2663648709823447,2.4693403299502097,11045.0
172,3.2351588073962665,2.4640926525639126,11303.0
173,3.2043233895373975,2.4589009109650855,11565.0
174,3.174049027895182,2.4537764651392076,11830.0
175,3.1448412698412698,2.4485822491006584,12096.0
176,3.1151265259924004,2.4437074296108277,12369.0
177,3.086365074343562,2.43874070938926,12644.0
178,3.0576908205088547,2.433094882550664,12931.0
179,3.0281913687551962,2.4269288659314534,13231.0
180,2.9991136716153335,2.4204279915519753,13539.0
181,2.969762574871906,2.4132514403502845,13857.0
182,2.9408613519419187,2.405515870513125,14187.0
183,2.9115239078087374,2.3970794886033615,14535.0
184,2.882159403746727,2.3881954881465446,14893.0
185,2.8524439785087146,2.3789438451134926,15262.0
186,2.8221611604575374,2.369255976515989,15649.0
187,2.792097719057709,2.359183906817648,16046.0
188,2.7629818800924237,2.349205352259405,16446.0
189,2.7344528839306905,2.3393321751202367,16852.0
190,2.7055722891566263,2.3296186333051834,17264.0
191,2.6772806967931677,2.3200942461146217,17681.0
192,2.6499447513812155,2.3107171563638547,18100.0
193,2.623049932523617,2.3014875729669946,18525.0
194,2.5967920645808054,2.292492898394644,18953.0
195,2.5709790570514803,2.2836832809524363,19386.0
196,2.5453949359427015,2.2750540872708163,19826.0
197,2.5202782711663705,2.266615765562055,20268.0
198,2.4958721575821947,2.2582826507292757,20713.0
199,2.4719531213080668,2.2501586184112052,21161.0
200,2.4483923201480455,2.242124095694608,21615.0
201,2.425226449275362,2.2338545010316206,22080.0
202,2.402119451957611,2.2255149418491786,22553.0
203,2.380036470996874,2.217030611099658,23032.0
204,2.358394284742303,2.20853555531575,23516.0
205,2.3371235786580034,2.199929963085968,24009.0
206,2.3163306945237903,2.191409881366665,24506.0
207,2.2959261184184223,2.1828090068491313,25013.0
208,2.275672922462093,2.174255453437482,25523.0
209,2.255395959751133,2.1658898238428916,26038.0
210,2.2353805023157736,2.1576274228416885,26557.0
211,2.215288035450517,2.1496924647886275,27080.0
212,2.195037130954537,2.1418159925155957,27605.0
213,2.1750008885097913,2.134018233831773,28137.0
214,2.155013077593723,2.12632020107001,28675.0
215,2.134937202696691,2.118777418336335,29221.0
216,2.1150293870696895,2.111179163845532,29775.0
217,2.0953778188052223,2.103681216796772,30332.0
218,2.0759346172519826,2.096276739779204,30895.0
219,2.0564700648277614,2.0889783262651296,31468.0
220,2.0373248447398806,2.0817911278893684,32043.0
221,2.018206338503034,2.0746171538792995,32626.0
222,1.999367774566474,2.067467969814774,33216.0
223,1.9808642157877614,2.0603912352329177,33811.0
224,1.9626874346158316,2.053341804880199,34412.0
225,1.9445491405402318,2.046309426422443,35022.0
226,1.9266212082947498,2.039328179751937,35637.0
227,1.9089555120390544,2.03238388065336,36257.0
228,1.8917028199566162,2.0254988118429518,36880.0
229,1.8749166733328,2.0186998047707214,37503.0
230,1.8584316810910044,2.011935681100737,38130.0
231,1.8415159567606616,2.0046349319982775,38761.0
232,1.8249105261821965,1.9973852895633524,39397.0
233,1.8084378278463307,1.9902963816482775,40034.0
234,1.7920682533438237,1.9833743902958791,40672.0
235,1.7760670104340668,1.9766014938560201,41307.0
236,1.7601621170580521,1.9698109625907374,41945.0
237,1.7444115713346482,1.9630567847421143,42588.0
238,1.7289213758645416,1.9560533137827094,43231.0
239,1.7136312874626798,1.9491365784784764,43877.0
240,1.698540309903436,1.942232061396676,44530.0
241,1.6836468245186988,1.9353409522964633,45190.0
242,1.668927317530584,1.9284776281989904,45857.0
243,1.6545868798899492,1.9216943366871964,46524.0
244,1.6404899135446687,1.9150140360043524,47192.0
245,1.626491173090985,1.9082805190465058,47865.0
246,1.612864677764958,1.9016604592353208,48536.0
247,1.5993253677964725,1.895051290620611,49212.0
248,1.586076253858798,1.8885022066874404,49886.0
249,1.5731294871541306,1.8820219447443642,50561.0
250,1.5603653538389477,1.8756073368146637,51238.0
251,1.5478937534911494,1.8692329816556381,51917.0
252,1.535793736809081,1.8629601187525557,52593.0
253,1.5239436090931275,1.8567388258762885,53271.0
254,1.512354260505292,1.8505909947451746,53949.0
255,1.5009702339545272,1.8445017488876052,54626.0
256,1.4897652887779826,1.8385185826403105,55302.0
257,1.4786422510049129,1.8326480664376912,55975.0
258,1.4676835619582296,1.8268966986717528,56643.0
259,1.4569489040904648,1.8213195518091065,57304.0
260,1.4463786618819225,1.8158328458178874,57962.0
261,1.4358943741257548,1.8103973634071173,58622.0
262,1.4255713924264148,1.8049910271077352,59285.0
263,1.415480857452665,1.7996638853310598,59945.0
264,1.405616790970893,1.7943966160306428,60604.0
265,1.3959224315236198,1.7891860576486154,61262.0
266,1.38656330749354,1.784146394428926,61920.0
267,1.3773850234906837,1.7790962027782131,62578.0
268,1.3684410285605846,1.7741025338697638,63234.0
269,1.3596293513648885,1.7691224111343076,63888.0
270,1.3509807567165566,1.764194373376029,64542.0
271,1.3425880476132042,1.7593331132560839,65192.0
272,1.334356014580802,1.754522731648789,65840.0
273,1.3264041394663217,1.7497892618992033,66482.0
274,1.3185691725514734,1.745093539196783,67122.0
275,1.3107555608035306,1.740498093965433,67751.0
276,1.303046702452866,1.736075016143084,68369.0
277,1.295491446796173,1.7317536400751001,68980.0
278,1.2880405881253862,1.7275988623892928,69577.0
279,1.2805894844861252,1.7235089479553258,70163.0
280,1.2730563135347595,1.719291885782641,70729.0
281,1.265536009875712,1.7151531366715242,71286.0
282,1.258092360811394,1.711143859344293,71827.0
283,1.2507118569098499,1.7072679394223167,72346.0
284,1.2433356211393274,1.7034596441807484,72850.0
285,1.2360632046790003,1.6996785590703563,73349.0
286,1.2289378529543207,1.6959610646388537,73841.0
287,1.2219994617868677,1.6923142558245956,74320.0
288,1.2152311682755301,1.6887056823401172,74794.0
289,1.2085376061222048,1.6851249129000636,75267.0
290,1.2019937941506569,1.681587897789142,75735.0
291,1.195561738034934,1.6780728032681675,76201.0
292,1.1891884840657978,1.6745155072224729,76659.0
293,1.1829983140967448,1.6710069830385936,77110.0
294,1.176962054693846,1.6675456745763688,77559.0
295,1.171040317928338,1.6641117712640667,78005.0
296,1.1652388965376574,1.6607241905046068,78444.0
297,1.1595795932856636,1.657395171106882,78876.0
298,1.153929580306699,1.6541316542644529,79296.0
299,1.1483828068150452,1.6509472145629538,79706.0
300,1.1427982922627518,1.6477880391811972,80106.0
301,1.1372597736561612,1.6446836494623214,80497.0
302,1.1316723338485317,1.6415528367268124,80875.0
303,1.1261385456156763,1.6384763068798467,81244.0
304,1.120631341600902,1.6354471154083627,81604.0
305,1.1151959588071647,1.6324579563815182,81956.0
306,1.109870347643292,1.6295388948340621,82297.0
307,1.1046822621050212,1.6266586538943508,82631.0
308,1.0996576415844925,1.6238473711974102,82954.0
309,1.0947783061920546,1.6210897412302283,83268.0
310,1.0899605121455067,1.6183563796733131,83570.0
311,1.0852788972885317,1.615654375388427,83866.0
312,1.0807714703330917,1.6130115481606617,84151.0
313,1.076292567367486,1.6103977844124076,84425.0
314,1.0719303838569894,1.6078705552230474,84693.0
315,1.0677190008710595,1.6053899823325735,84954.0
316,1.0636737089201878,1.6029833530335116,85200.0
317,1.0597041129239917,1.6005914425020427,85438.0
318,1.0559258524285897,1.598299542456278,85667.0
319,1.0522418470351267,1.5960485230857966,85889.0
320,1.0486515992659868,1.5938348780105878,86102.0
321,1.0451401360228945,1.5916565012346402,86309.0
322,1.0417774489630778,1.5895627157123406,86506.0
323,1.038527199741614,1.5875307131295913,86692.0
324,1.0353631863704387,1.5855405920140069,86870.0
325,1.0322480584531961,1.5835746273371702,87044.0
326,1.029066434288073,1.5813448293354038,87214.0
327,1.0259221534271032,1.579162569648822,87377.0
328,1.022861517017606,1.576972130330244,87527.0
329,1.0198818268923666,1.574838464540221,87668.0
330,1.016993553383904,1.572768210928181,87798.0
331,1.014229168088446,1.5707481607749034,87918.0
332,1.0115415199363853,1.5687679874332452,88030.0
333,1.0089410323034504,1.5668399586224255,88133.0
334,1.0064266041007854,1.5649566575635678,88227.0
335,1.0039403958512614,1.5630935287539562,88316.0
336,1.001538548560439,1.5612908589666075,88395.0
337,0.9991861004035586,1.5595246336728992,88463.0
338,0.9969273175029936,1.557805940366913,88522.0
339,0.9947950773399571,1.5561415115772548,88570.0
340,0.9927098732691592,1.5545037343145487,88613.0
341,0.990716090605541,1.5529045757304838,88648.0
342,0.9888583156660201,1.551430097800291,88676.0
343,0.986978579481398,1.5498858466363232,88700.0
344,0.9851764175402998,1.548392370352802,88710.0
345,0.9833177406810419,1.5465605023538236,88717.0
346,0.9815036068530207,1.5447452802332249,88720.0
347,0.9797330808422382,1.5429654494414422,88716.0
348,0.9779726743923886,1.5412052978487105,88708.0
349,0.9762452366456966,1.539447690865408,88698.0
350,0.9745610770948209,1.5377151530452824,88683.0
351,0.9728860967934764,1.535996020934577,88663.0
352,0.9712187196786786,1.534317344666994,88634.0
353,0.9695143286041603,1.5322984479594095,88599.0
354,0.9678832776221881,1.53033810145471,88552.0
355,0.9663261616344242,1.5284249578260014,88496.0
356,0.9647319560817305,1.5264304889728424,88437.0
357,0.9632119134105079,1.5244653456664827,88371.0
358,0.96177629790704,1.522543268135922,88296.0
359,0.960414446686467,1.5206503946956753,88214.0
360,0.9590931269644944,1.5187797417320386,88127.0
361,0.9578112753172106,1.5169484726040054,88033.0
362,0.9565484380863573,1.5151203422036352,87937.0
363,0.9553005203174277,1.513341592735705,87831.0
364,0.9540345197108917,1.511505958879593,87718.0
365,0.9527636355334353,1.509680546164232,87602.0
366,0.9515677331595853,1.5079246724199291,87483.0
367,0.9504120879120879,1.5061817588554371,87360.0
368,0.9492423026662693,1.5044258213336683,87238.0
369,0.9480789319619345,1.5026767718279395,87113.0
370,0.94692310345224,1.5009249363938952,86987.0
371,0.9457953394123607,1.4991978914180408,86856.0
372,0.9447083784968059,1.4974826440227116,86722.0
373,0.9436834445958744,1.4957905170976489,86582.0
374,0.9426416316708893,1.494073134650851,86439.0
375,0.9415493365780173,1.4923153361095896,86295.0
376,0.9404151092331623,1.4904387003043609,86146.0
377,0.939355528938402,1.4888831199811514,85993.0
378,0.9383111587482815,1.4873176283673268,85834.0
379,0.9373643048908603,1.4858112814033513,85670.0
380,0.9363896848137536,1.4842416363651905,85505.0
381,0.9354441801328849,1.4826792936242175,85337.0
382,0.93454037361889,1.4811358830353176,85167.0
383,0.9336423747558651,1.4795987829835069,84994.0
384,0.9327147539437384,1.478054337403646,84818.0
385,0.9317800515135046,1.476512066118242,84638.0
386,0.9308972932010325,1.4749785596895006,84454.0
387,0.9300217161708338,1.4734414771670443,84269.0
388,0.9291618596795871,1.4719241387671274,84079.0
389,0.9284164600419607,1.4705339975159861,83888.0
390,0.9277119950294529,1.4691569155024875,83693.0
391,0.9270024911373,1.4677811356483574,83496.0
392,0.9263118719761816,1.4664077825904658,83297.0
393,0.925651362897888,1.4650585450088844,83095.0
394,0.9249728555917481,1.463714614777029,82890.0
395,0.9243505394030284,1.4624033540123318,82684.0
396,0.9237353896891217,1.4610982411659452,82476.0
397,0.9231423744059123,1.4597775244818163,82269.0
398,0.922557609583115,1.4584623830092245,82061.0
399,0.9220319104747478,1.4571964001703974,81854.0
400,0.9214932209824983,1.4559000508937618,81649.0
401,0.9209214371669245,1.4545972512166765,81438.0
402,0.9203816558941212,1.4533019059140533,81225.0
403,0.9198968003160182,1.4520247749205193,81008.0
404,0.9193855827309635,1.450737692422481,80792.0
405,0.9188706174371704,1.4494427791302351,80575.0
406,0.9183736963934589,1.448159665444292,80354.0
407,0.917946862013453,1.4468817761142052,80131.0
408,0.9174864208655603,1.4456135290155294,79902.0
409,0.9170327601355592,1.4443515094112416,79670.0
410,0.9166624704164359,1.4431520370455735,79436.0
411,0.9163225879768173,1.4419612888650348,79197.0
412,0.9159922489456286,1.4407676939890972,78957.0
413,0.9156758130081301,1.4395612139149165,78720.0
414,0.9153851054341594,1.4383738836787616,78485.0
415,0.9150138022697065,1.437032071777739,78248.0
416,0.9146754179058558,1.4356971459329324,78008.0
417,0.914437815039605,1.4344573970618342,77768.0
418,0.9141729439686307,1.4331893057155263,77528.0
419,0.914036926341394,1.4319920200781102,77289.0
420,0.9140472915098502,1.4311523862820108,77054.0
421,0.9140316848696286,1.4301417186060421,76819.0
422,0.9140551551237857,1.4291401883867216,76584.0
423,0.9143354811671643,1.4285812277588843,76356.0
424,0.9147116773939314,1.428056037615431,76130.0
425,0.9152098017258415,1.4277050552763921,75905.0
426,0.9157263285853968,1.4273661096450885,75682.0
427,0.916276850907067,1.4270166139635276,75463.0
428,0.9168549480343425,1.426675913452222,75242.0
429,0.9173875374875041,1.426310593905365,75025.0
430,0.9178831141054433,1.42594523829266,74808.0
431,0.9183804799570988,1.4255870134876694,74590.0
432,0.9188662247381372,1.425173883080891,74371.0
433,0.9193650622395447,1.4247733191610823,74149.0
434,0.9198603914990328,1.4244086879752356,73921.0
435,0.9203816037671837,1.4240720497097,73689.0
436,0.9209175685794023,1.4237483099504724,73455.0
437,0.9214537408833894,1.4234225101600422,73218.0
438,0.9220175943435008,1.4231153509180363,72978.0
439,0.9225841043760397,1.4228156236826912,72737.0
440,0.9232063785468941,1.4226332117077627,72493.0
441,0.9238817537643933,1.4224849465752007,72256.0
442,0.9249524444259313,1.4233023619281242,72021.0
443,0.9260399543060934,1.4241299004693866,71782.0
444,0.9271507442868125,1.4249473982457344,71545.0
445,0.9284231783250126,1.4258701738311779,71308.0
446,0.9298457901846016,1.4270013446818088,71072.0
447,0.9314312335883898,1.4282690872804575,70834.0
448,0.933198294545094,1.4298177377069035,70597.0
449,0.935181763920075,1.4316486674419844,70366.0
450,0.9372932588114521,1.4339785612704956,70136.0
451,0.9394641605515742,1.436372532279995,69909.0
452,0.9416086675755184,1.4387570656989215,69685.0
453,0.9438373716868944,1.4412681978270945,69459.0
454,0.9460380737787792,1.4437808107648131,69234.0
455,0.9482393855962904,1.446296044499534,69010.0
456,0.9504848299824095,1.4488605190210875,68787.0
457,0.9527435022315568,1.4514547395439894,68562.0
458,0.9549611507001653,1.453963181147078,68341.0
459,0.9571619419528165,1.456481070745531,68117.0
460,0.9594379639448568,1.4589873592602662,67896.0
461,0.961804426844765,1.4616687989262602,67678.0
462,0.9642449487837057,1.464421661145323,67459.0
463,0.9667618452752744,1.4672133623645416,67242.0
464,0.9693095010742421,1.4700297840910441,67024.0
465,0.9718733627722476,1.4728657182094198,66805.0
466,0.9744698744518532,1.4757138512552535,66588.0
467,0.9770227512430315,1.47858066466662,66370.0
468,0.9795171798709054,1.4813675571718734,66153.0
469,0.9819527434863053,1.4841347396973992,65938.0
470,0.9844510710808179,1.4870235537205965,65728.0
471,0.9869656130282819,1.4899096323879548,65519.0
472,0.9896032706058889,1.4928523514637955,65309.0
473,0.9924120240234705,1.4960663994076706,65103.0
474,0.9952233470469499,1.4992808493008742,64899.0
475,0.9980061207456181,1.5025147155666727,64698.0
476,1.0008061390589877,1.5057352327374978,64505.0
477,1.0036693824242802,1.5090755741454556,64316.0
478,1.00651811193064,1.5124095553966006,64129.0
479,1.0093051624102716,1.5157337097701233,63943.0
480,1.012138891502776,1.5191082002590541,63762.0
481,1.0150347560783821,1.5225165241726248,63586.0
482,1.0179616167031997,1.5259201109667926,63413.0
483,1.0208883477490869,1.529322331829858,63241.0
484,1.0237997082514112,1.5327218129201416,63068.0
485,1.0267275097783573,1.5361183539522183,62894.0
486,1.0296391958036384,1.5395089161954525,62721.0
487,1.0325030376670716,1.5429065297839364,62548.0
488,1.0354148296593186,1.54630938069501,62375.0
489,1.0382970513521335,1.549732792229964,62198.0
490,1.041193067311568,1.5531230718032607,62025.0
491,1.0441495037020272,1.5565101432397441,61858.0
492,1.0470431850603035,1.5599168520030424,61688.0
493,1.0500178809454144,1.5634002095530242,61518.0
494,1.0530407993610327,1.566896316902304,61349.0
495,1.0559323973128913,1.5700625547720304,61181.0
496,1.0588534154975744,1.5732108364946045,61016.0
497,1.061842624244018,1.576396050316234,60848.0
498,1.0650561908842238,1.5796825172196816,60686.0
499,1.068268182268777,1.5829529491338874,60526.0
500,1.0713918934587798,1.5861453998310533,60371.0
501,1.0745839837911448,1.5893604120325433,60214.0
502,1.0777287486470735,1.592598496288978,60055.0
503,1.0808708137166516,1.5958308673046144,59898.0
504,1.0839888862852742,1.599117589590593,59746.0
505,1.0872694934308773,1.6025115749828427,59597.0
506,1.0905268115454485,1.6058775867126738,59452.0
507,1.0937463116896255,1.6092274685623953,59309.0
508,1.0970086192327193,1.6125551576771895,59170.0
509,1.1003049296967644,1.6158923251334136,59030.0
510,1.1036579152939578,1.61927378343463,58886.0
511,1.106976269108985,1.6225509475349742,58742.0
512,1.1104285056058978,1.6259925025931392,58599.0
513,1.1139563127555123,1.6295090500436578,58461.0
514,1.1175341150654872,1.6330396304357016,58332.0
515,1.1214781473336999,1.636751850674028,58208.0
516,1.1254691319767243,1.6404941810515836,58086.0
517,1.1297245079266505,1.644137829584337,57969.0
518,1.13463067298054,1.6485258758744286,57862.0
519,1.1399362902946575,1.6532053661432493,57762.0
520,1.145183669221964,1.658003400565903,57658.0
521,1.1506896911156665,1.6628850843938563,57562.0
522,1.1562755572569559,1.6677633818751483,57469.0
523,1.1618795315114334,1.6726348718642736,57376.0
524,1.1674406424581005,1.6774979851501657,57280.0
525,1.173002937884723,1.6823518189583084,57184.0
526,1.1785839405829597,1.687189512906901,57088.0
527,1.1842077557466222,1.692033344023517,56990.0
528,1.1898476086689047,1.6968465028358644,56893.0
529,1.1955737098790429,1.7017035292874194,56797.0
530,1.2013544734660764,1.7065396363544092,56701.0
531,1.2072212114253413,1.7113155002414684,56611.0
532,1.2131028626021727,1.7160581196455835,56522.0
533,1.218985345453901,1.7207897707618987,56433.0
534,1.224878429702197,1.725503937225643,56346.0
535,1.2307856381087807,1.7301845113105108,56260.0
536,1.2367151478468303,1.7348616789824751,56173.0
537,1.2427748756440657,1.7395137590511214,56089.0
538,1.2491295730890781,1.744412699022946,56007.0
539,1.255301648607088,1.7488577436263633,55926.0
540,1.261615311621578,1.7532940170540456,55853.0
541,1.2682620776194318,1.7579614337522667,55785.0
542,1.2751480351695677,1.7627136152012455,55730.0
543,1.2821401630805704,1.7673108831128057,55678.0
544,1.289144931964841,1.7720062118860802,55633.0
545,1.296308954203691,1.7766166878346732,55594.0
546,1.3033210332103322,1.780881824819036,55555.0
547,1.310495127969597,1.7851673050661965,55521.0
548,1.3175223918254069,1.7892320018986232,55489.0
549,1.3245879764867106,1.7932323534298946,55458.0
550,1.3316375313452762,1.7971478358443986,55431.0
551,1.3387058929699485,1.8010169137331606,55405.0
552,1.3457135634840387,1.804792037096374,55384.0
553,1.3526181745931398,1.808466195440536,55363.0
554,1.3595201098543708,1.8120677813275514,55346.0
555,1.3664491876163454,1.8156392121326004,55331.0
556,1.3734227557033878,1.8191613592446088,55318.0
557,1.3802361108600147,1.8225779718538755,55313.0
558,1.3870547821370458,1.8260121785754957,55310.0
559,1.3937010721194698,1.8293236390972127,55311.0
560,1.4002061147372038,1.832554574257976,55309.0
561,1.40669354692896,1.8357659330952858,55307.0
562,1.4134259008153893,1.8389859381981464,55311.0
563,1.4203430265131662,1.842083220870989,55331.0
564,1.4275676456775406,1.8452144861907445,55362.0
565,1.4352181053619448,1.8484864536065302,55409.0
566,1.4431043807463493,1.8517010933984073,55470.0
567,1.4511766930154673,1.854801488685509,55537.0
568,1.4595979574223246,1.8579376554102438,55616.0
569,1.4680896899628386,1.8610343571215802,55703.0
570,1.4763782349989247,1.8638959710628018,55796.0
571,1.4847042828008157,1.8666351881466818,55898.0
572,1.4930540675666024,1.8692522173735246,56004.0
573,1.5012295958371944,1.8717353718642844,56116.0
574,1.5093638287655398,1.8741284980359108,56227.0
575,1.5172499467594236,1.8763876050593293,56348.0
576,1.525108899670645,1.8785806181113427,56474.0
577,1.5329140313063143,1.8807263277606585,56602.0
578,1.5406458208481686,1.882785609554466,56734.0
579,1.5484120564133226,1.8848184546138573,56866.0
580,1.5560233671912005,1.8867716768966862,57003.0
581,1.563516091209772,1.8886026112893752,57143.0
582,1.570897411280046,1.8903808573164051,57287.0
583,1.5781666231392009,1.8920892572999481,57435.0
584,1.5852997864249623,1.893678147557192,57591.0
585,1.592388010597219,1.8952152730159375,57751.0
586,1.5995304029556991,1.8967436728793194,57922.0
587,1.6066781411359725,1.8981711097002114,58100.0
588,1.6140967802802888,1.899371412283877,58297.0
589,1.621737569863435,1.9005442394094227,58507.0
590,1.6294606374284937,1.90158644531071,58736.0
591,1.6372992861624023,1.9026090344381306,58977.0
592,1.6451602012221884,1.903380801124766,59238.0
593,1.6530039492479625,1.9040899072700317,59505.0
594,1.6609415502968476,1.9047366460968693,59795.0
595,1.6687301349574826,1.9053976011797342,60093.0
596,1.6761691912921115,1.905924952098761,60405.0
597,1.6835457629351513,1.9063789645031548,60726.0
598,1.6906762311862298,1.9067263889358408,61059.0
599,1.6976157128432299,1.9069690227098677,61402.0
600,1.7043706378637475,1.9071216038761447,61753.0
601,1.7110681799887306,1.907104363326005,62115.0
602,1.717566659197849,1.9069724409913753,62482.0
603,1.7240024183796856,1.906800767167799,62852.0
604,1.7303136219139952,1.9065241606889365,63229.0
605,1.7364250903945921,1.9061560408347507,63610.0
606,1.742355349302333,1.9057395260802328,63999.0
607,1.7481793195546516,1.9053149120837718,64399.0
608,1.7539389824231109,1.904930076625479,64801.0
609,1.7597258215386502,1.9044934706239567,65213.0
610,1.7654569278118049,1.9039185444766744,65634.0
611,1.7712590439863167,1.9032659700629961,66066.0
612,1.7771113315895493,1.9023777359918013,66522.0
613,1.783116883116883,1.9016712409634526,66990.0
614,1.7892389307095016,1.9009111818553925,67484.0
615,1.7954114273108317,1.9000256536589664,67995.0
616,1.8017744571561989,1.899273425264814,68528.0
617,1.808500166471244,1.8986542056012028,69081.0
618,1.8150594451783355,1.8979763351382546,69644.0
619,1.821469763203235,1.8972194511059481,70229.0
620,1.8278286900408083,1.8965288409260286,70819.0
621,1.8338490835515353,1.8955977327298208,71417.0
622,1.8396806664352656,1.8946329219429074,72025.0
623,1.845277097156072,1.8936080525549273,72646.0
624,1.8507580823450742,1.8924703426680796,73277.0
625,1.8560431829865527,1.891281712086038,73918.0
626,1.8610932303400922,1.8900511694380568,74568.0
627,1.8658761913623736,1.8887714189106337,75229.0
628,1.8704789511825548,1.8875438900977672,75895.0
629,1.8748987854251011,1.8863013029300093,76570.0
630,1.8791829020440394,1.885040824440435,77249.0
631,1.8833658386368302,1.8837852561522785,77936.0
632,1.8873414984674475,1.882516082189659,78627.0
633,1.8911706124095504,1.8811905085755574,79326.0
634,1.8948197016268087,1.8798336950462549,80034.0
635,1.8981707392591307,1.8783267196464095,80743.0
636,1.9012006187237596,1.8767165929700185,81458.0
637,1.9040850846343869,1.8751233040877882,82177.0
638,1.9065436342802002,1.873450661235311,82905.0
639,1.9086800033481208,1.871734778052217,83629.0
640,1.9105220731186874,1.8700558527155013,84356.0
641,1.9121829678207931,1.8682459593192295,85086.0
642,1.9134761028126674,1.8663827277202554,85826.0
643,1.9147665580890336,1.8647822519888908,86574.0
644,1.915798273137439,1.8631135947243267,87326.0
645,1.9167300423387326,1.8614801996184838,88099.0
646,1.9175582481127724,1.8598483595825326,88887.0
647,1.9183104559494206,1.8582324676048019,89681.0
648,1.9189744723173832,1.8566227235659039,90490.0
649,1.9194944029442047,1.8549675958825287,91298.0
650,1.9199153232372577,1.8533302703369732,92115.0
651,1.9201859244036539,1.851693980102018,92941.0
652,1.9205289538231844,1.8500962065086146,93770.0
653,1.920613446355152,1.8485172716582097,94613.0
654,1.920648222834456,1.8469512431840336,95461.0
655,1.9205818529170517,1.8453800343187867,96313.0
656,1.9204289345586647,1.8438328641096766,97171.0
657,1.92029539867601,1.8423061217707966,98037.0
658,1.9200873539046386,1.8407823848954499,98908.0
659,1.9197241959892164,1.8392749547822296,99781.0
660,1.9192774316630399,1.8378587162020097,100641.0
661,1.918743965160502,1.8364521626171642,101494.0
662,1.918024937460913,1.8350328586759899,102336.0
663,1.9171876363001947,1.8336872419516823,103173.0
664,1.9161594892651457,1.832392206870553,104007.0
665,1.9148757571421757,1.8310832781457058,104835.0
666,1.913441791355536,1.8297488128114918,105663.0
667,1.9120345588580552,1.8284361017335977,106485.0
668,1.9106006243884255,1.827133277118875,107305.0
669,1.909127061195424,1.825849283934404,108129.0
670,1.9076482519985682,1.824593848388136,108953.0
671,1.9061412617733327,1.8233359958678153,109782.0
672,1.9047610437046816,1.8221119048042709,110606.0
673,1.903420920381937,1.8209035320241338,111432.0
674,1.9020577231427045,1.8196754983617014,112260.0
675,1.9006543460960297,1.8184417927501835,113090.0
676,1.8991029422091146,1.8171749895013543,113928.0
677,1.8976298361798536,1.8159105041070867,114760.0
678,1.8962211917779777,1.8146813494198502,115592.0
679,1.8947915414082765,1.8134617024576294,116426.0
680,1.8934059936209042,1.8122579339863993,117258.0
681,1.8921413390460546,1.8110645357456703,118099.0
682,1.8908117467094756,1.8097445486529853,118978.0
683,1.8895117027843118,1.8083291741995358,119886.0
684,1.8882396755772572,1.806780183295925,120830.0
685,1.8869707268219804,1.8052225364292618,121818.0
686,1.8856710294979488,1.8034558987651108,122856.0
687,1.8843335969144868,1.8016623221280605,123934.0
688,1.8829799995201804,1.7997814145690654,125047.0
689,1.8816560075445978,1.7979605391841411,126183.0
690,1.8802525462726651,1.7961149437931794,127343.0
691,1.8787286862728312,1.7942365712471287,128497.0
692,1.877208003579087,1.792358952458519,129642.0
693,1.8757627662991114,1.7904458285603906,130774.0
694,1.874347971128768,1.788575834955055,131896.0
695,1.8729362764261872,1.7867565829180398,133012.0
696,1.871611344725776,1.7849563330407419,134124.0
697,1.8703349034629122,1.783188193846603,135233.0
698,1.8690759988557262,1.7814997047024812,136331.0
699,1.8678188102601418,1.7798481774129105,137425.0
700,1.8665848464065264,1.778232234639898,138515.0
701,1.8653920543274258,1.7766695843670712,139598.0
702,1.8642441302539825,1.7751636078395965,140679.0
703,1.8631130424967548,1.7736990899970613,141752.0
704,1.8619472744459615,1.7721115827843097,142815.0
705,1.8608033914796025,1.7705087603900584,143890.0
706,1.8595728830394835,1.7688958674600992,144972.0
707,1.858456272462776,1.7672948048932937,146075.0
708,1.857184587375343,1.765615961656781,147204.0
709,1.8556177124755677,1.763804780484356,148370.0
710,1.8537429973393231,1.761719247400209,149586.0
711,1.8515434390580248,1.7594869622810583,150832.0
712,1.8489825438048588,1.757117216536912,152095.0
713,1.8460951660646525,1.7544898424047246,153374.0
714,1.8428927035851679,1.751670936404307,154665.0
715,1.839580421373889,1.7489032375108964,155966.0
716,1.8362309071716543,1.7461489719675019,157258.0
717,1.8327047753588457,1.7433672082877776,158564.0
718,1.82917508428038,1.7406894644788957,159883.0
719,1.8255575199280418,1.7380028690186782,161205.0
720,1.8219553165437081,1.7353693801463494,162521.0
721,1.8182894600318598,1.732783808241061,163843.0
722,1.8146024557409606,1.7302442660386843,165164.0
723,1.8108280178264682,1.7277434725963146,166494.0
724,1.8070753536485085,1.7252872310802532,167822.0
725,1.8033164848807306,1.7228077694899893,169155.0
726,1.799543670926911,1.7203402790394016,170491.0
727,1.7956981738189182,1.7178891539682748,171834.0
728,1.7917855204351492,1.7154556674468566,173182.0
729,1.7879258384993526,1.7130319627742645,174538.0
730,1.784094139048377,1.7106155525992446,175910.0
731,1.7802092439581512,1.7081819010847683,177305.0
732,1.7762988575201137,1.7057471262027484,178734.0
733,1.7724016226505142,1.703291046560363,180199.0
734,1.7683667741615945,1.700726193735291,181714.0
735,1.7642292393065855,1.6979619466276612,183267.0
736,1.7600421918104614,1.6951228170280632,184870.0
737,1.7557396386252748,1.6922365829677781,186510.0
738,1.7513630711347767,1.6893622539891064,188178.0
739,1.7470135260407889,1.686504060227787,189856.0
740,1.7424788970615104,1.683545256836715,191561.0
741,1.7378714113501963,1.6806637432067824,193283.0
742,1.7330649710271269,1.6778043677704142,195010.0
743,1.728061927246667,1.6749332424618182,196747.0
744,1.722930289260778,1.672068940940404,198506.0
745,1.7177396401839526,1.6692118895862982,200269.0
746,1.7124637480327431,1.6664350132363903,202058.0
747,1.707085571333971,1.6636748209085663,203865.0
748,1.7017162582652665,1.6609486016278654,205680.0
749,1.696319535809466,1.6582497366373437,207501.0
750,1.6910170600853243,1.6555815370640123,209319.0
751,1.6857381024552895,1.6529669348643419,211136.0
752,1.6805161629632412,1.650346615522641,212956.0
753,1.675284346178378,1.647727869700549,214791.0
754,1.6700130624829796,1.6450873426460912,216651.0
755,1.6647021140294682,1.6424315100374085,218540.0
756,1.659373355830113,1.6397114885969049,220476.0
757,1.6540027868926148,1.6369556271278114,222470.0
758,1.6486422689273992,1.6340756469849045,224529.0
759,1.643247965829465,1.6311302486279655,226628.0
760,1.6378323090506954,1.6281333462762722,228778.0
761,1.632319707687912,1.6251112452798886,230986.0
762,1.6267831187373782,1.6221037818859605,233229.0
763,1.6212303929478307,1.6191237056449994,235502.0
764,1.6155256440985144,1.6161454276555551,237813.0
765,1.6097582304098341,1.6132009355888823,240146.0
766,1.6039257731958763,1.610289665556108,242500.0
767,1.598112444714886,1.6074061634272947,244867.0
768,1.5923305910808034,1.6045636998545867,247242.0
769,1.586535380079477,1.6017457541452746,249632.0
770,1.5806958446907027,1.5989001319616785,252039.0
771,1.5748778791248954,1.596071382763939,254461.0
772,1.5690357187344295,1.593232505008252,256896.0
773,1.5632068232908034,1.590443736491408,259347.0
774,1.5574203158718942,1.587680839666533,261815.0
775,1.5516869534947955,1.5849405706296567,264293.0
776,1.5459435348446684,1.5821974203587699,266784.0
777,1.5402285192295553,1.5794586584037307,269299.0
778,1.5345657892316464,1.5767187061648125,271815.0
779,1.528910014799478,1.5739916525566011,274334.0
780,1.5232515720771644,1.571210700409743,276863.0
781,1.5175285700480672,1.5684163552384127,279401.0
782,1.5117050331642605,1.5654762425593975,281930.0
783,1.5058549326621224,1.562548457924984,284461.0
784,1.4999215970506552,1.5595544088611812,286979.0
785,1.4939189725982447,1.556517866350914,289507.0
786,1.4878714413877645,1.5534883940119981,292038.0
787,1.481825619646731,1.550457964461465,294563.0
788,1.4757742316585942,1.547457372117319,297101.0
789,1.4697435384024962,1.5444489323353219,299655.0
790,1.463690052771758,1.5414933986504187,302245.0
791,1.4576007662433086,1.5385305283598398,304864.0
792,1.451518699186992,1.5355776421837328,307500.0
793,1.4454332069436922,1.532602501081865,310152.0
794,1.4394037236899313,1.52964213062572,312808.0
795,1.4334190247659864,1.5266704603756707,315473.0
796,1.427459226361662,1.5237085660195773,318159.0
797,1.4215660607873937,1.5207551334117988,320856.0
798,1.4157150230403353,1.5178009611706833,323563.0
799,1.4099011296837745,1.5148596843739985,326286.0
800,1.4040987019460172,1.5119192652801507,329031.0
801,1.398324241236927,1.5090329958198332,331790.0
802,1.3925814994828751,1.506180884836966,334542.0
803,1.3868700135492116,1.503351935588242,337289.0
804,1.3810616220794805,1.5004728392642501,340008.0
805,1.3752611674623276,1.4975858152326125,342692.0
806,1.3694588270725463,1.4947799352421796,345324.0
807,1.3636630162973182,1.4920220847424988,347910.0
808,1.3578786668188563,1.4893008307385858,350440.0
809,1.3521115187918797,1.4866114001589152,352945.0
810,1.3463452789258814,1.4839620013546828,355417.0
811,1.3405695252838266,1.4813164141213984,357877.0
812,1.3347764549163268,1.4786504623004169,360330.0
813,1.3289946993690513,1.4759990334888948,362787.0
814,1.3232477275216297,1.4733528902555866,365240.0
815,1.3175440648142356,1.4707188341658315,367697.0
816,1.311877456741095,1.4680921756423675,370155.0
817,1.3062744887553004,1.465469359993606,372620.0
818,1.3007182429442095,1.4628369289505136,375082.0
819,1.2952286861538136,1.4602183541571474,377548.0
820,1.2898299777110542,1.4576221702121674,380009.0
821,1.2844925183087692,1.455042740565928,382467.0
822,1.2791750124049495,1.4524814528555303,384927.0
823,1.273932572667665,1.4499385989879703,387380.0
824,1.2687631145564522,1.4474236644215424,389834.0
825,1.2636752507150542,1.4449231078558258,392278.0
826,1.2586270232747854,1.4424432520913297,394719.0
827,1.2535843602540149,1.4399520829917662,397142.0
828,1.2485520776496855,1.437489146936369,399538.0
829,1.2435239348798093,1.4350224852154767,401903.0
830,1.2385084839684044,1.4326009177770864,404233.0
831,1.2335134018183964,1.4302056952563802,406512.0
832,1.2285663956705868,1.4279198364598606,408739.0
833,1.2236310229272174,1.4256590983514357,410909.0
834,1.2187619541059176,1.4234471651840033,413038.0
835,1.213941937100131,1.4212560634016786,415136.0
836,1.2091310892304152,1.4190549764413443,417212.0
837,1.204386891799384,1.4168854004264952,419249.0
838,1.1997122957941064,1.4147151909272007,421266.0
839,1.1951746199753344,1.412585967153128,423262.0
840,1.1907753017204887,1.4105160558254592,425228.0
841,1.1864478597263353,1.4084698671200229,427165.0
842,1.1822039922159946,1.4064469855710653,429085.0
843,1.1780432230250548,1.4044193109667786,430974.0
844,1.1739699980824279,1.4024043167675044,432839.0
845,1.1699544729886102,1.4003965465424728,434687.0
846,1.1659836112517439,1.3983900565939626,436519.0
847,1.1620336044349642,1.3963727563014436,438335.0
848,1.1581387951697737,1.3943497514188428,440145.0
849,1.154287201185641,1.3923454617581128,441955.0
850,1.1505064731664996,1.390357328715338,443755.0
851,1.1467945710944671,1.3883830112019204,445541.0
852,1.1431234868451938,1.3864066768852623,447327.0
853,1.1394515106170728,1.3844249468906638,449088.0
854,1.135770484021587,1.3824278564617392,450827.0
855,1.1320734703979352,1.3804535526600108,452536.0
856,1.1284021336879206,1.3784923519557728,454237.0
857,1.1247170456938302,1.3765290638627738,455904.0
858,1.1210925034643446,1.3745756323449396,457518.0
859,1.1175077816477272,1.372633609090309,459093.0
860,1.1139733497744413,1.3707115630427358,460634.0
861,1.1105713364508025,1.3688557576002647,462127.0
862,1.1072592630940903,1.367028862228351,463587.0
863,1.104038846559959,1.365226196470978,465009.0
864,1.1008552726087637,1.3634320571040934,466401.0
865,1.097705511006407,1.3616286021761412,467773.0
866,1.0945949402706368,1.3598237735838572,469116.0
867,1.0915381132460509,1.3580559534449625,470427.0
868,1.088534147401448,1.3563013207543317,471705.0
869,1.0856173869285108,1.3546132703327942,472953.0
870,1.0827698926545333,1.3529411499782675,474170.0
871,1.0799411816678657,1.3512660714556641,475362.0
872,1.0771338936279602,1.3495962332202458,476535.0
873,1.0743850614415207,1.3479575121901566,477690.0
874,1.071639802349914,1.3463092174829296,478826.0
875,1.068875207050661,1.34462770666063,479955.0
876,1.0661371261792012,1.3429694398847585,481046.0
877,1.06335717308155,1.3412860436935081,482108.0
878,1.0606083185859025,1.3396353044764047,483135.0
879,1.057846511032252,1.3380440989588764,484126.0
880,1.0550158743248257,1.3364150167766236,485060.0
881,1.0521970502956084,1.3348010696945256,485947.0
882,1.0493604992748353,1.3332057634969827,486786.0
883,1.0465404367729338,1.3316339766060494,487576.0
884,1.043752034942653,1.3300854715415988,488343.0
885,1.0409866567433947,1.3285263742808198,489086.0
886,1.0382296555962296,1.3269773860841927,489803.0
887,1.0355189195691488,1.325416040107115,490471.0
888,1.03287681274511,1.3238922575829906,491106.0
889,1.0302714157301542,1.3223695173459171,491718.0
890,1.0277144139733947,1.3208767579897291,492307.0
891,1.025158151443956,1.3193836465418496,492882.0
892,1.022626864461738,1.3179090013145163,493440.0
893,1.0201248261523543,1.31644216094798,493967.0
894,1.0176286199644071,1.3149829927394747,494480.0
895,1.0151321079491045,1.313518864352776,494974.0
896,1.0126656628329909,1.3120714594821106,495434.0
897,1.010238632536547,1.310632079277373,495867.0
898,1.007828179026525,1.309210175491823,496284.0
899,1.0054500246630227,1.3077632167434172,496695.0
900,1.0031080390586966,1.306318548532325,497098.0
901,1.0008281540205672,1.3049122375341866,497492.0
902,0.9985759391972234,1.3035425859479366,497872.0
903,0.9963411134013997,1.302150505813858,498239.0
904,0.9941154408505535,1.3007621192881875,498593.0
905,0.9919049356042537,1.2993625405654736,498946.0
906,0.9897012315660657,1.2979403852949076,499283.0
907,0.9875100080064051,1.2965246884910249,499600.0
908,0.9853431858916912,1.295128034686743,499904.0
909,0.9832022823464025,1.293727600069723,500187.0
910,0.9810908669466836,1.2923241602645605,500446.0
911,0.9790162441353938,1.2909311789846292,500673.0
912,0.9769565564606293,1.289550547883721,500880.0
913,0.9749377334993773,1.2882033829148822,501072.0
914,0.9729113964456433,1.2868456148247942,501244.0
915,0.9709059869288346,1.2855168463475533,501409.0
916,0.9688911839413672,1.2841801547286746,501562.0
917,0.9668746262706797,1.2828269863301232,501700.0
918,0.9648745591136441,1.281479052480917,501830.0
919,0.9629279876957896,1.2801525468090766,501942.0
920,0.9609720147395677,1.278813843440081,502050.0
921,0.9590276076735114,1.2774486741187905,502143.0
922,0.9570834080003185,1.27607160000571,502230.0
923,0.9551601735221452,1.274678992666244,502299.0
924,0.9532651493134487,1.2733077826026487,502366.0
925,0.9514048527477077,1.2719343526134697,502437.0
926,0.9495727414200029,1.270576397146753,502506.0
927,0.9477599912449136,1.2692187373851733,502565.0
928,0.9459661646879993,1.2678792746149385,502611.0
929,0.944206708723011,1.2665499985182334,502659.0
930,0.9424410485735087,1.2651909099642349,502702.0
931,0.9406733303495947,1.263798123309623,502725.0
932,0.9389065477445508,1.2624022574177243,502738.0
933,0.9371767738650287,1.2610375328848633,502744.0
934,0.9354734124442571,1.2596818937933645,502754.0
935,0.9337742416708106,1.2583063425644818,502750.0
936,0.9320684984096737,1.2569140358999258,502727.0
937,0.9303593630332507,1.255520119698669,502695.0
938,0.9286856806353552,1.2541516735099236,502648.0
939,0.9269943154573003,1.2527669095684253,502591.0
940,0.9253183373032219,1.2514024649294693,502533.0
941,0.9236485652760584,1.2500551596863105,502466.0
942,0.9219729692071896,1.2487067293453553,502390.0
943,0.9203112059629228,1.247369159931557,502304.0
944,0.918688535035652,1.2460568810778763,502217.0
945,0.9170755994582969,1.2447489828443767,502120.0
946,0.9154658273739567,1.2434447300381144,502010.0
947,0.9138628420679294,1.242145235099456,501874.0
948,0.912224018305432,1.2408422395410283,501709.0
949,0.910579156738218,1.2395531761090495,501505.0
950,0.9089255077205443,1.2382744549038736,501260.0
951,0.9072956610089646,1.2370168802977795,500969.0
952,0.9056307165585693,1.2357480451806668,500629.0
953,0.903969439097086,1.2345046645923436,500247.0
954,0.9023355754110365,1.2332837618205086,499834.0
955,0.9006780054704989,1.232042692685058,499406.0
956,0.8990274100810258,1.2308004913290824,498977.0
957,0.8973674920166247,1.2295539813129088,498536.0
958,0.8956910864533122,1.228293865981772,498107.0
959,0.8939854564305765,1.2270097568538147,497677.0
960,0.8922773097582901,1.2257254560958784,497249.0
961,0.890591725742626,1.2244535374309657,496818.0
962,0.8889020955634974,1.2231884527259422,496382.0
963,0.8872451067965472,1.2219492539114643,495943.0
964,0.885610553995992,1.2207203465874623,495509.0
965,0.8839538740281854,1.2194641352825797,495079.0
966,0.8823029942807237,1.2181897339330257,494643.0
967,0.880663698907325,1.2169196232645347,494200.0
968,0.8790424497731691,1.215667035237617,493760.0
969,0.8774297257138919,1.214415298978029,493317.0
970,0.8757984011686889,1.2131368766566801,492860.0
971,0.8741896568531877,1.2118846843486306,492384.0
972,0.8725914330439732,1.2106748052130611,491890.0
973,0.8709692518402292,1.2094545508721173,491379.0
974,0.8693583843174646,1.2082820513860428,490839.0
975,0.8677241770367817,1.2071110384640267,490271.0
976,0.8660742913040903,1.2059343186682128,489667.0
977,0.8644740851009012,1.2048085726802358,489043.0
978,0.8628893061234518,1.2037065524212474,488401.0
979,0.8613277565916266,1.2026117769036113,487740.0
980,0.8597858178219611,1.2015213576428039,487062.0
981,0.8582531138588823,1.20043217459765,486374.0
982,0.8567537072192458,1.199377070326236,485674.0
983,0.8552885259761014,1.1983440858123793,484965.0
984,0.8538532543938809,1.1973624732905046,484253.0
985,0.852419349835277,1.196377769117002,483539.0
986,0.8510210844621184,1.1954196580295673,482820.0
987,0.8496399057449139,1.1944765289867376,482096.0
988,0.8482830255312961,1.1935291238140353,481370.0
989,0.8469433400119424,1.192598672342836,480639.0
990,0.8456213756300648,1.191676169629423,479911.0
991,0.8442850971561656,1.1907233602868883,479177.0
992,0.8429956587987183,1.189813149308064,478439.0
993,0.8417198718888028,1.1888951335142413,477710.0
994,0.8404595676876953,1.1879984778017232,476970.0
995,0.8392304429446771,1.1871189938002153,476222.0
996,0.8379912002490179,1.1862628541778495,475468.0
997,0.8367471186640629,1.1854064512846338,474693.0
998,0.8354877235628255,1.184545407589935,473916.0
999,0.8342259665378795,1.183672665976466,473132.0
1000,0.8329833000237119,1.1828360128597823,472336.0
1001,0.8317572081482031,1.1820098162602302,471515.0
1002,0.8305306209167684,1.1811938582116461,470675.0
1003,0.8293393100013409,1.1804143727928926,469827.0
1004,0.8281767084029886,1.1796570795766999,468976.0
1005,0.8270351911232833,1.17891729233243,468101.0
1006,0.8259204719117477,1.178201697664087,467206.0
1007,0.8248252198155693,1.1775077817072415,466300.0
1008,0.8237666523420714,1.1768409692823116,465400.0
1009,0.8227286427833276,1.1761568328682048,464480.0
1010,0.8216926833898539,1.1754603833720803,463548.0
1011,0.8206826484511792,1.1747878240988712,462610.0
1012,0.8196541984005268,1.174038244378968,461652.0
1013,0.8186469449244155,1.1733050900087454,460676.0
1014,0.817675147111609,1.1726016111564472,459685.0
1015,0.8167012947940081,1.1718834726463092,458683.0
1016,0.8157316873327143,1.1711617416651616,457675.0
1017,0.8147563384414594,1.1704312562818848,456658.0
1018,0.813766115190968,1.1697142991635168,455626.0
1019,0.8127748410074332,1.1689973227150625,454581.0
1020,0.811799802880937,1.1683094901439324,453533.0
1021,0.8108413338283916,1.1676359804736522,452472.0
1022,0.8098840699789319,1.1669677483188112,451393.0
1023,0.8089244114387744,1.1662958120583633,450293.0
1024,0.8079798389071691,1.16563827309951,449182.0
1025,0.8070668791372623,1.165007770901062,448062.0
1026,0.8061429063684491,1.1643766479826103,446922.0
1027,0.8052676680664729,1.1638092917920844,445776.0
1028,0.8044217036828788,1.1632775429270694,444625.0
1029,0.8035655897587386,1.1627257553998034,443461.0
1030,0.8027091067770628,1.1621721163643948,442286.0
1031,0.801849941622553,1.1616054002521554,441095.0
1032,0.8010043214465139,1.1610769123862645,439899.0
1033,0.800185089786782,1.1605744102462745,438706.0
1034,0.7993769242549262,1.160077273755124,437507.0
1035,0.7985757767448683,1.1595815776429246,436308.0
1036,0.7978055669832981,1.1591124136935065,435101.0
1037,0.7970300680830272,1.1586144962149227,433882.0
1038,0.7962644515016618,1.1581219717645925,432654.0
1039,0.7955124416165409,1.1576322998910356,431415.0
1040,0.794764982100516,1.1571381451011986,430180.0
1041,0.7940229542058231,1.1566527814568024,428941.0
1042,0.7932765485846288,1.156173913314634,427697.0
1043,0.7925383109193448,1.155697900843573,426445.0
1044,0.7917927876440248,1.1552201897026202,425187.0
1045,0.7910733999490475,1.1547596919268128,423924.0
1046,0.7903496381055137,1.1542814751075383,422637.0
1047,0.7896585523302314,1.153836137399626,421353.0
1048,0.7889751445595843,1.1534010154075445,420069.0
1049,0.7883196863217065,1.1529939122693524,418773.0
1050,0.787677647921163,1.152589048217787,417469.0
1051,0.7870357243265195,1.1521644272499798,416159.0
1052,0.7864260919872722,1.1517949878516969,414840.0
1053,0.7858217293098528,1.1514324044368183,413506.0
1054,0.7852212541821032,1.1510638870354761,412173.0
1055,0.7846305883956586,1.150696245365403,410829.0
1056,0.7840775608386144,1.150357972497756,409485.0
1057,0.7835028054786465,1.1499860677150207,408130.0
1058,0.7829390853709504,1.1496015898492664,406766.0
1059,0.782416292137603,1.149244554197566,405398.0
1060,0.7818781232133178,1.1488734882115226,404031.0
1061,0.7813352936647684,1.1484918051719017,402653.0
1062,0.7808034490492686,1.1481401269985763,401270.0
1063,0.780270370296277,1.1477999704528679,399896.0
1064,0.7796840261571739,1.1474311082357718,398514.0
1065,0.779098667163574,1.147067125831673,397123.0
1066,0.7785181815884568,1.1467071115166985,395730.0
1067,0.7779848711921227,1.146396507915171,394347.0
1068,0.7774384735380865,1.1460339285188295,392961.0
1069,0.7768848096675502,1.1456342077124753,391578.0
1070,0.7763360558897172,1.1452310392763014,390197.0
1071,0.7757728511907823,1.1448152927769968,388820.0
1072,0.7752173879377763,1.1443981499156695,387441.0
1073,0.7746939642444556,1.1440158959453683,386066.0
1074,0.7741454157893368,1.1436210406648453,384690.0
1075,0.7735675303398691,1.1431841632470525,383324.0
1076,0.7729604059159421,1.1427221004578367,381951.0
1077,0.7723467650397275,1.1422454208175856,380592.0
1078,0.7717144228385784,1.1417600089438882,379218.0
1079,0.7710691590862775,1.1412465419388846,377839.0
1080,0.7704344546207952,1.1407233486943937,376472.0
1081,0.7697824081726232,1.1401717186782085,375106.0
1082,0.7691027455723265,1.1396000640562765,373729.0
1083,0.7684134760001718,1.1390291711453715,372336.0
1084,0.7676982800452904,1.1384337122800234,370940.0
1085,0.7669770500320666,1.137860620119054,369543.0
1086,0.7662384932351495,1.1372830490580277,368153.0
1087,0.7654959550874285,1.1367055478135435,366757.0
1088,0.7647857408745539,1.1361718063101238,365352.0
1089,0.7640492041554816,1.1356203559773825,363953.0
1090,0.763301613570542,1.1350656643797228,362550.0
1091,0.7625590120585344,1.1345023562031815,361155.0
1092,0.7618176663201375,1.133927637829857,359758.0
1093,0.7610960264993065,1.1333580717664662,358349.0
1094,0.7603560242280258,1.1327784957521514,356942.0
1095,0.7596118416426412,1.1321993600011306,355525.0
1096,0.758850407220396,1.1316373422078128,354108.0
1097,0.7580958429855875,1.131090807084836,352681.0
1098,0.757366296382757,1.1305536766439703,351262.0
1099,0.7566216363002304,1.129987567693585,349838.0
1100,0.7558674531077338,1.1294140546896059,348405.0
1101,0.7551236270466408,1.1288403008131587,346971.0
1102,0.7543996735516023,1.1282730754681434,345537.0
1103,0.7536864069374778,1.127685115710473,344102.0
1104,0.7529911985805668,1.127099764375795,342672.0
1105,0.7523063217245542,1.126518798100054,341236.0
1106,0.7516266969590847,1.1259703472825948,339799.0
1107,0.7509538572479851,1.1254228382568436,338363.0
1108,0.7502990297486369,1.1248862206300916,336923.0
1109,0.7496862807049965,1.1244654947594963,335491.0
1110,0.7490959816083146,1.124035353945933,334064.0
1111,0.7485013918867731,1.1236070627414518,332642.0
1112,0.7479235667251379,1.1232009893141057,331217.0
1113,0.7473255870366776,1.1227699907064819,329792.0
1114,0.7467764628493815,1.122386739096658,328366.0
1115,0.7462570157060056,1.1220285025690102,326945.0
1116,0.745736886567852,1.1216507775729014,325525.0
1117,0.7451388760328539,1.1212182612184511,324102.0
1118,0.7445208196457127,1.1207752560548205,322676.0
1119,0.743915953307393,1.120345956721314,321250.0
1120,0.743310508707751,1.1199275052792215,319830.0
1121,0.7426895258673484,1.1194969485938209,318413.0
1122,0.7420441640378549,1.1190432027916413,317000.0
1123,0.7414191921112336,1.1185890126895515,315588.0
1124,0.7407590134035287,1.1181127876443537,314171.0
1125,0.7401082615799285,1.117654945341229,312761.0
1126,0.7395030046474879,1.1172446128559501,311351.0
1127,0.7388713408594484,1.1167650393902646,309943.0
1128,0.7382576003111428,1.1162968541738085,308540.0
1129,0.7376656866288327,1.115850555819393,307131.0
1130,0.7370387088754996,1.1153387808438548,305718.0
1131,0.7364225179012123,1.1148384815860253,304309.0
1132,0.7358032109289112,1.114333671805097,302903.0
1133,0.7351922732489105,1.113833917583718,301498.0
1134,0.7346233563702523,1.1134068154819612,300098.0
1135,0.7340714008329204,1.112978929716503,298708.0
1136,0.7335423092058132,1.1125691157322324,297323.0
1137,0.7330109717815375,1.1121527835661642,295941.0
1138,0.7324798598592481,1.1117278634926555,294561.0
1139,0.731958305762291,1.1113000268812028,293182.0
1140,0.7314229709539019,1.1108613410619284,291812.0
1141,0.7308840389601,1.1104281220491574,290451.0
1142,0.7303506817851633,1.1099941908062763,289094.0
1143,0.7298585940024952,1.1096110658884735,287753.0
1144,0.7293248046479474,1.1091973531726442,286406.0
1145,0.7287888248872175,1.1087738280216948,285062.0
1146,0.7282105686099666,1.1083006155814923,283727.0
1147,0.727620079604527,1.1078172289422905,282396.0
1148,0.7270256134745591,1.1073574058669906,281063.0
1149,0.7264206251608659,1.106870812305172,279736.0
1150,0.7258304359070141,1.1064057119259034,278408.0
1151,0.7252506514411104,1.1059487586097174,277078.0
1152,0.7246695316324865,1.1054976247043096,275745.0
1153,0.7240906821569263,1.105038462266513,274409.0
1154,0.7235521376911105,1.104611350154579,273075.0
1155,0.7230017405767822,1.104210677441232,271749.0
1156,0.7224083483097039,1.1037679084788565,270426.0
1157,0.7218334850708831,1.1033254319258732,269105.0
1158,0.7212492157858572,1.102882240734779,267784.0
1159,0.7206906645450861,1.1024532636274103,266468.0
1160,0.7201449756362485,1.102029672280633,265148.0
1161,0.7196628297889275,1.1016406702698165,263843.0
1162,0.7191926655823998,1.1012492033797898,262543.0
1163,0.7187123198530115,1.1008406460261264,261245.0
1164,0.7182305351557842,1.1004340275017812,259943.0
1165,0.7177564962555433,1.100087127496897,258649.0
1166,0.7173154487592965,1.099794336275701,257354.0
1167,0.7168498955302571,1.09945259131694,256055.0
1168,0.7164087708141972,1.0991334686185643,254754.0
1169,0.7159749539362328,1.0988156507600595,253453.0
1170,0.7155417544110123,1.0985059166034448,252153.0
1171,0.715119987243881,1.0981913767911924,250860.0
1172,0.714753375806387,1.0979437876175115,249570.0
1173,0.7144589037509615,1.0977464831439,248283.0
1174,0.7141503742960441,1.097565749008747,246997.0
1175,0.7138805010458804,1.0974063641135299,245726.0
1176,0.7136084169533542,1.0972488462679892,244459.0
1177,0.7133264526528313,1.0970890931701474,243193.0
1178,0.7130338815612716,1.0969290679695496,241931.0
1179,0.7127797929936968,1.0967970857241636,240669.0
1180,0.7125309075113606,1.0966564657694442,239424.0
1181,0.7123184146443866,1.0965546165389588,238180.0
1182,0.7121314436688079,1.096457835832614,236938.0
1183,0.7119527862397855,1.0963502542174346,235694.0
1184,0.7117716557263076,1.0962318949440122,234453.0
1185,0.7115561901576644,1.0961048331374919,233217.0
1186,0.7113605600531084,1.0959661668936551,231978.0
1187,0.711174000286035,1.0958238234800965,230741.0
1188,0.7109891067538127,1.095691077297871,229500.0
1189,0.7108016226967256,1.095574977728935,228262.0
1190,0.7106046724690792,1.095455063076471,227032.0
1191,0.710412109080925,1.0953286396800035,225814.0
1192,0.7102359750667854,1.09521355416851,224600.0
1193,0.7100918581123427,1.095107045796834,223388.0
1194,0.7099393306569212,1.0949843857162458,222188.0
1195,0.7097528858641302,1.094847985328699,220991.0
1196,0.7095730741933722,1.0947002390736256,219804.0
1197,0.7093802459987467,1.0945571675813166,218619.0
1198,0.7091644093285933,1.0944018603329722,217439.0
1199,0.7089178866375045,1.0942101133104774,216262.0
1200,0.7086556700264068,1.0940592499951884,215096.0
1201,0.7083580680293732,1.0938766806207807,213937.0
1202,0.7080499851961858,1.093682756764025,212783.0
1203,0.7077671095654804,1.0934964596064152,211636.0
1204,0.7074894890614979,1.093350046643873,210495.0
1205,0.7071790217806648,1.0931684311638397,209360.0
1206,0.7068815644765468,1.0929859510367848,208223.0
1207,0.7065643591130341,1.0928089460891453,207088.0
1208,0.706231943871234,1.092614363574562,205955.0
1209,0.7058803427148681,1.0923917777806396,204835.0
1210,0.7055477017926214,1.0922007913484892,203724.0
1211,0.7052082459369957,1.0919994080701956,202621.0
1212,0.7048872833373858,1.091803052092962,201523.0
1213,0.7045930789494691,1.091674415875607,200432.0
1214,0.7043617848453686,1.0915826031966054,199345.0
1215,0.704118225607142,1.091429434924254,198265.0
1216,0.7038699305735165,1.0912703324029958,197187.0
1217,0.7036270275507238,1.0911266616419815,196111.0
1218,0.7034425826035235,1.091000178740989,195028.0
1219,0.7032601017782842,1.0908622988151437,193951.0
1220,0.7030815810211107,1.0907366078942882,192888.0
1221,0.7029269945526103,1.0906385797853315,191835.0
1222,0.7027590833805061,1.0905274623187249,190788.0
1223,0.702592885375494,1.090388269552031,189750.0
1224,0.7024666825636542,1.0903492381081343,188715.0
1225,0.7023507597877283,1.0903126787897466,187684.0
1226,0.702248936603345,1.0902759572020189,186666.0
1227,0.7021981395799781,1.0903407648394634,185657.0
1228,0.702154276059267,1.0903953533644475,184656.0
1229,0.7021256901414585,1.0904452656596517,183658.0
1230,0.7020638309519899,1.090477229137958,182670.0
1231,0.7019654680852235,1.0904785701955229,181687.0
1232,0.7018522515343195,1.0904898255823234,180699.0
1233,0.7017382788591014,1.0905040126247518,179718.0
1234,0.7016476907153048,1.0905444674699176,178735.0
1235,0.7015212548101807,1.0905451649461624,177748.0
1236,0.7013894389065524,1.0905388588715066,176762.0
1237,0.7012794911618964,1.0905410407330374,175773.0
1238,0.7011848707283722,1.0905429614350817,174787.0
1239,0.7010586272366377,1.0905219927793963,173810.0
1240,0.7008892668899959,1.090476943948635,172839.0
1241,0.7007511185324389,1.0904711079418445,171877.0
1242,0.7005774665192284,1.090444827784817,170919.0
1243,0.7004812727251333,1.0905091174380126,169966.0
1244,0.7003881151566068,1.0905874252849983,169022.0
1245,0.7002760623044063,1.0906535113871896,168078.0
1246,0.7001669329216851,1.090733217876776,167133.0
1247,0.7000433228636412,1.09081105841435,166194.0
1248,0.699950987214319,1.0909064051328763,165263.0
1249,0.6998594317635533,1.0909997475011164,164333.0
1250,0.6997472599428428,1.0910812237488392,163409.0
1251,0.6996405976909632,1.0911937721047735,162492.0
1252,0.6995506814046467,1.0912732638413905,161578.0
1253,0.6994915074904619,1.0913909945374198,160671.0
1254,0.6994141505182515,1.0915191954977335,159768.0
1255,0.6993610927517074,1.0916845980182284,158865.0
1256,0.6992631139134728,1.0918309611060932,157962.0
1257,0.6991608516273621,1.0919652386824175,157064.0
1258,0.6990676707135904,1.092099268045365,156168.0
1259,0.6989296478528556,1.092207618806572,155276.0
1260,0.6987628732430857,1.0921860514596617,154390.0
1261,0.6985759699820204,1.092143871574386,153508.0
1262,0.698403338771285,1.09213744870508,152631.0
1263,0.6982122971290006,1.0921130563727164,151759.0
1264,0.6980635669600255,1.0921687568113063,150896.0
1265,0.6979345094876597,1.0922336222323228,150037.0
1266,0.6977785523722702,1.092279487464451,149182.0
1267,0.697587250652231,1.0922830998758057,148337.0
1268,0.697387778900196,1.092285086287597,147499.0
1269,0.6971717667593956,1.0922741957604925,146664.0
1270,0.6968753642665643,1.0922213688339066,145841.0
1271,0.6965996152069125,1.0921916551497524,145013.0
1272,0.6963345701702673,1.0921590350542487,144185.0
1273,0.6960700883079198,1.0921735228155711,143362.0
1274,0.6957815054125538,1.092159767654343,142539.0
1275,0.6955659671751739,1.0922035329245543,141722.0
1276,0.6953661652001135,1.0922486652316927,140920.0
1277,0.6951246493901351,1.0922127985447716,140113.0
1278,0.6948569787890752,1.092151619856026,139315.0
1279,0.6945806051068069,1.0920843142535908,138521.0
1280,0.6943272658626723,1.0920315692427203,137729.0
1281,0.6940748638109565,1.0919744536888423,136942.0
1282,0.6938669095128632,1.0919020228874816,136163.0
1283,0.6936463149808695,1.0918644938719035,135386.0
1284,0.6933705761744867,1.0917509580425948,134612.0
1285,0.6930536980446949,1.09161899874774,133841.0
1286,0.6927545162162975,1.0914889561089485,133076.0
1287,0.6924292008978845,1.0913405325061731,132311.0
1288,0.6921381113830903,1.091239303459381,131546.0
1289,0.69185481959492,1.0911424729823809,130789.0
1290,0.6915848322426349,1.091031509067943,130039.0
1291,0.6912932841419743,1.0908587639257519,129291.0
1292,0.6910288923809376,1.0906966383284458,128546.0
1293,0.6908186100374016,1.0906338233963584,127802.0
1294,0.6906199091817703,1.090550522105604,127067.0
1295,0.6904158817103867,1.0904523954496248,126334.0
1296,0.6902261744592432,1.0903802782229317,125611.0
1297,0.6900301050473995,1.090279376836445,124896.0
1298,0.6898403904073185,1.0902013399439483,124178.0
1299,0.6895956847118282,1.0900877215658829,123468.0
1300,0.6893164342499675,1.0899418392545412,122768.0
1301,0.6890769382004063,1.0898172067353493,122072.0
1302,0.6888253612561994,1.0896857443600032,121382.0
1303,0.6885666942833472,1.0895466595625891,120700.0
1304,0.6883352774537577,1.0894314994129923,120020.0
1305,0.688131048640496,1.0893218906789035,119345.0
1306,0.6879608328909338,1.0892551111082813,118671.0
1307,0.6877600657632692,1.0891615668571892,117999.0
1308,0.6875463464111896,1.0890839424073633,117323.0
1309,0.6873606967733087,1.0890361083050746,116652.0
1310,0.6871718382232491,1.0889727247163155,115987.0
1311,0.6870295862092887,1.0889641332524427,115324.0
1312,0.6869233050182275,1.089041183517349,114662.0
1313,0.6868009929737459,1.0891096857031193,114001.0
1314,0.6867147797854319,1.089181103880839,113344.0
1315,0.6865555092153017,1.0892256537854492,112693.0
1316,0.6864122382677924,1.0893086096416282,112042.0
1317,0.6862672926897146,1.0893925095385282,111391.0
1318,0.6861302003846953,1.0894132157224992,110737.0
1319,0.686011972349142,1.0894644790030543,110087.0
1320,0.6858489962628266,1.0895074331205161,109441.0
1321,0.6856985294117647,1.0895616616276382,108800.0
1322,0.6855365100497403,1.0896142902709598,108162.0
1323,0.6853691200267842,1.089668344133102,107526.0
1324,0.6852184488726728,1.089728417421951,106890.0
1325,0.6850525602537196,1.0897791164571227,106259.0
1326,0.6847924871251136,1.0896988389772002,105632.0
1327,0.6844846961126031,1.0895771419844051,105006.0
1328,0.6842175854074457,1.0894818115686296,104382.0
1329,0.6839274872061757,1.089366871140504,103761.0
1330,0.6835497038035311,1.0891802158445574,103141.0
1331,0.6831345161573501,1.0889431903115738,102523.0
1332,0.6827490114116943,1.0887704798679487,101913.0
1333,0.6823978836396659,1.088630221155817,101306.0
1334,0.6820158887785501,1.088488176435191,100700.0
1335,0.6816083916083916,1.0883210978867983,100100.0
1336,0.6811923378424555,1.0881527349224625,99502.0
1337,0.6807813637466634,1.0879711741388889,98904.0
1338,0.6803649716709559,1.0877830887185418,98309.0
1339,0.6799537425548028,1.0876096434537939,97714.0
1340,0.6795329825898051,1.0874170268927732,97127.0
1341,0.6791004578507945,1.0872226207950426,96538.0
1342,0.6786131143440743,1.0868863657734342,95956.0
1343,0.6780599299628846,1.086411470578334,95378.0
1344,0.6775241550989409,1.0859270998597328,94804.0
1345,0.6769674845063248,1.085448854159834,94232.0
1346,0.676421288635029,1.0849477186024212,93665.0
1347,0.6758861439312567,1.0844573276022114,93100.0
1348,0.6753222895797538,1.083945425998588,92541.0
1349,0.6747437193577493,1.0834647464894764,91989.0
1350,0.6741869162966689,1.0829894362857841,91442.0
1351,0.6736635972584354,1.0825019431142062,90897.0
1352,0.6730888406887698,1.0819262787537387,90364.0
1353,0.6725477536844917,1.0813843337896005,89836.0
1354,0.6719029917592261,1.0807380282109362,89312.0
1355,0.6711716277550652,1.0800080402459442,88791.0
1356,0.6704693500696718,1.0793100001967006,88271.0
1357,0.6697891737891738,1.0788564961964293,87750.0
1358,0.6691314715458339,1.078418411521925,87228.0
1359,0.6685196932126175,1.0779817761061183,86705.0
1360,0.6678502222067509,1.0774552752496238,86181.0
1361,0.6672036985149902,1.0769327360750536,85656.0
1362,0.6665727004710056,1.0764124563442534,85137.0
1363,0.6659458565233318,1.0758810444417097,84627.0
1364,0.665343050420268,1.0753583302343968,84113.0
1365,0.6647567554635821,1.0748360472152445,83599.0
1366,0.6641632967456191,1.0743022601259775,83088.0
1367,0.6636109328263318,1.0737877165491339,82577.0
1368,0.6630886384404509,1.0732812920222266,82075.0
1369,0.6625029113598195,1.0727441497081402,81577.0
1370,0.6619553286219952,1.0722053174417545,81081.0
1371,0.6614096041692518,1.0716891282565124,80590.0
1372,0.6608614232209737,1.0711600578270204,80100.0
1373,0.6602939329229996,1.070602337258717,79610.0
1374,0.6597159033464766,1.069935084719871,79128.0
1375,0.6591094044046589,1.0692492335560737,78644.0
1376,0.6584869692045905,1.068549849239305,78161.0
1377,0.6578100460853222,1.067801663195883,77682.0
1378,0.6571287936684758,1.0670294291628233,77201.0
1379,0.6564613880742913,1.0662642580770154,76725.0
1380,0.6558348741754856,1.0654734951130869,76257.0
1381,0.6552588527099056,1.064797618433188,75796.0
1382,0.6547170312168189,1.0641057431971546,75344.0
1383,0.6541871395001068,1.0634547173328608,74896.0
1384,0.6536209304824325,1.062779130480349,74456.0
1385,0.6530708746521117,1.0621181627100547,74018.0
1386,0.6525189926747395,1.0614549805766993,73581.0
1387,0.6519646714609937,1.0607683653113495,73142.0
1388,0.6514222051056338,1.0601420919026634,72704.0
1389,0.6508094645080946,1.059454068664319,72270.0
1390,0.6502262128488898,1.0587838521599118,71835.0
1391,0.64961765776869,1.058121948540517,71402.0
1392,0.6490165135546413,1.057471276020078,70972.0
1393,0.6484639702859412,1.0568621875121995,70539.0
1394,0.6479608575952527,1.0562955380391401,70103.0
1395,0.6474852155939599,1.0557512883552622,69668.0
1396,0.6470656208923748,1.0552305451451145,69231.0
1397,0.6465628770369078,1.054512905381682,68793.0
1398,0.6460442389841419,1.053780514976089,68356.0
1399,0.6455934748682312,1.0531070266078613,67922.0
1400,0.6451220957799905,1.0524262832141142,67488.0
1401,0.6446369723087935,1.0517219465687146,67061.0
1402,0.6441413050003001,1.0509959671333062,66636.0
1403,0.6436047301889357,1.0502089358896691,66213.0
1404,0.6430764553883569,1.0494377988467545,65790.0
1405,0.6425675779038994,1.0486395737339766,65369.0
1406,0.6420125631235374,1.0478099761613378,64952.0
1407,0.6414714268005455,1.0470334328119917,64536.0
1408,0.6409056886227545,1.0462265772552382,64128.0
1409,0.6403395894796309,1.0454266550531321,63724.0
1410,0.6397947098302408,1.0446094859477166,63325.0
1411,0.6392398023231793,1.0437639629851931,62931.0
1412,0.6386543873113328,1.0428792641557167,62544.0
1413,0.638030888030888,1.0419667316232324,62160.0
1414,0.6373628152416718,1.0410177110756196,61778.0
1415,0.6366834416377584,1.0401635913059166,61401.0
1416,0.6358705448586645,1.039165511819353,61025.0
1417,0.6351300103876404,1.0382379952633867,60649.0
1418,0.6344150242219125,1.0372887598737868,60276.0
1419,0.6336972489316239,1.0363187453503966,59904.0
1420,0.6329632677740641,1.0353208774430684,59539.0
1421,0.6321774983946737,1.0342872910243153,59178.0
1422,0.6313883505049475,1.0332316894489033,58818.0
1423,0.6306831788170093,1.0323704883738962,58462.0
1424,0.6300400970589753,1.03156790367587,58109.0
1425,0.6293692976229636,1.030738932990914,57761.0
1426,0.628713733412281,1.0298667386211628,57422.0
1427,0.6281860383638433,1.0291052818036828,57085.0
1428,0.6276959402311812,1.0284030638907886,56752.0
1429,0.6272355057693331,1.0276874419219806,56419.0
1430,0.6267382157883478,1.0269410949064732,56092.0
1431,0.6262506724045186,1.0261649771552184,55770.0
1432,0.6257078959708545,1.0253291051762845,55446.0
1433,0.6250657667954789,1.0243560381751842,55119.0
1434,0.6244821985802661,1.0234360467065458,54799.0
1435,0.6239468419023844,1.022497392116417,54479.0
1436,0.6234236230358758,1.0215623259865112,54159.0
1437,0.6228686058174524,1.0206072207238117,53838.0
1438,0.6223094170403587,1.019635348849975,53520.0
1439,0.6219269227877603,1.0189643974919453,53204.0
1440,0.6216487048591416,1.0185354379733371,52890.0
1441,0.6214052038953134,1.0181152398559492,52576.0
1442,0.6211468916824522,1.0176836471372708,52263.0
1443,0.6207679722837071,1.016995653167472,51955.0
1444,0.6203624816048331,1.0162670755002825,51644.0
1445,0.6200179218451708,1.0155711083930434,51334.0
1446,0.6196719383855606,1.0148427460282128,51027.0
1447,0.6193217665615142,1.0141049133044313,50720.0
1448,0.6189304982545224,1.0133385211733634,50416.0
1449,0.6185972263793276,1.012649643507151,50115.0
1450,0.6183278129077587,1.011955936817155,49815.0
1451,0.6181590532735571,1.0113972899132326,49518.0
1452,0.6180743208923383,1.0109578935709096,49219.0
1453,0.618024610604636,1.0104928325162563,48922.0
1454,0.6180674083365892,1.010060501722052,48629.0
1455,0.6180595779892428,1.0095556397750023,48340.0
1456,0.6180081571499917,1.0090092114649858,48056.0
1457,0.6180509042196919,1.0086200208302902,47776.0
1458,0.6180891827024296,1.0082103710998254,47498.0
1459,0.6181148217953877,1.007789069911562,47221.0
1460,0.6181457969409058,1.0073784947018969,46942.0
1461,0.6181884415111321,1.0069922436192045,46667.0
1462,0.6181104908068028,1.0065214963551996,46393.0
1463,0.6179767971375908,1.0060417007322304,46115.0
1464,0.6178363402342983,1.0055396216980559,45839.0
1465,0.6176670690222759,1.0050174583096882,45565.0
1466,0.6174769285115026,1.0044653934691812,45294.0
1467,0.6173341329601741,1.0039176087412647,45021.0
1468,0.6172033879366214,1.003392057191303,44747.0
1469,0.6170088372197612,1.0027496996246374,44471.0
1470,0.6168657797085709,1.0021516420889065,44196.0
1471,0.6168662629206321,1.001997339036067,43922.0
1472,0.6169018601667736,1.0018476185699705,43652.0
1473,0.6168971876440756,1.0016493735653995,43380.0
1474,0.6169245401192326,1.001482290286025,43109.0
1475,0.6168767507002801,1.0013273259849547,42840.0
1476,0.616833846226127,1.0011877092781365,42569.0
1477,0.6167104049932619,1.0010410351721424,42297.0
1478,0.6165909144992028,1.0009099759391877,42023.0
1479,0.6164311377245509,1.000748578943396,41750.0
1480,0.6162543999228507,1.0005775182614272,41478.0
1481,0.6161331812556119,1.0004124114528545,41207.0
1482,0.6159708820871095,1.0002159020069619,40937.0
1483,0.6158196257775811,1.0000022332502072,40671.0
1484,0.6157044222821648,0.9998177666762906,40409.0
1485,0.6156451572734292,0.9996668566441443,40153.0
1486,0.6156005614597955,0.9995217581896648,39896.0
1487,0.6155029764907678,0.9993327222867161,39644.0
1488,0.6154549147034931,0.999160763933013,39392.0
1489,0.6154258852383628,0.9989903931150775,39142.0
1490,0.6153490165831084,0.9987939021325211,38895.0
1491,0.6152333643795923,0.9985598099296349,38652.0
1492,0.6151042615781116,0.9983105131929894,38413.0
1493,0.6149091099586149,0.9980255770156335,38178.0
1494,0.6148493713924251,0.998110944571873,37941.0
1495,0.6148521416257791,0.9982065766334365,37705.0
1496,0.6148652255137443,0.998292065050441,37470.0
1497,0.6148826467586873,0.9983474816679615,37238.0
1498,0.6149273090850133,0.9984004793733063,37006.0
1499,0.6148847074178813,0.998416313761736,36776.0
1500,0.6149068322981367,0.9984966365688541,36547.0
1501,0.6149610418215358,0.9985704287394671,36321.0
1502,0.6149414143652531,0.9985904276206011,36101.0
1503,0.614949416125526,0.9986074631573361,35881.0
1504,0.6150416421300581,0.9986431016113826,35661.0
1505,0.6151067972122682,0.9986259157200751,35441.0
1506,0.6150198750709824,0.998523207308325,35220.0
1507,0.6148967172366504,0.9984014773860522,35001.0
1508,0.6146525201989707,0.9980366757571492,34779.0
1509,0.6144208790254911,0.997650199779266,34561.0
1510,0.6142087640122289,0.9972631153642821,34345.0
1511,0.6139939640774708,0.9969003249741479,34129.0
1512,0.6137992038920832,0.9965373495529578,33915.0
1513,0.6137435836572412,0.9963692019595713,33703.0
1514,0.6136438274369309,0.9961585733966677,33495.0
1515,0.6134943523191541,0.9959393980326698,33288.0
1516,0.6133244664772384,0.995708068085553,33082.0
1517,0.6131711026615969,0.9954831511179619,32875.0
1518,0.6129851842781927,0.9952587834657525,32668.0
1519,0.6127164068757316,0.9949979742541996,32462.0
1520,0.61253914607299,0.9947815648873025,32251.0
1521,0.6123786635038547,0.9945718620479497,32039.0
1522,0.6122038584804876,0.994372540103111,31826.0
1523,0.6120654202650976,0.9941899907464566,31611.0
1524,0.6118789808917198,0.9939619797632082,31400.0
1525,0.6116311874839703,0.9937011104286194,31192.0
1526,0.6113334193881502,0.993393150454683,30988.0
1527,0.6109017671517671,0.9928991525428398,30784.0
1528,0.6104443935777116,0.9923880345615739,30581.0
1529,0.6101053324555629,0.9919637869123283,30380.0
1530,0.6100268398555286,0.991804943258597,30179.0
1531,0.609926948864205,0.9916336548130378,29979.0
1532,0.6097511836405762,0.9914430443298933,29781.0
1533,0.609586262844781,0.9912356582594734,29584.0
1534,0.6094531595603498,0.9910559990249627,29387.0
1535,0.6092020966802563,0.9907957994389252,29189.0
1536,0.6089535766020556,0.9904924441997704,28994.0
1537,0.6085899795146001,0.9898553983738554,28801.0
1538,0.6081288879569442,0.9891408652111195,28614.0
1539,0.6077245066657286,0.9884186491564637,28429.0
1540,0.6075272624274182,0.9882007515061606,28244.0
1541,0.6072981255790749,0.9879431629580223,28062.0
1542,0.6070083569455902,0.9876749534838581,27881.0
1543,0.606670998483864,0.9873808894661711,27702.0
1544,0.6063072227873856,0.9870716272616266,27524.0
1545,0.6059387113288963,0.9867581032525754,27346.0
1546,0.605565371024735,0.9864402287769016,27168.0
1547,0.6050466874166296,0.986085289973592,26988.0
1548,0.604566141908528,0.9857481174342646,26806.0
1549,0.6040860780410862,0.9854015061879083,26627.0
1550,0.6034932516729046,0.9849805391559241,26451.0
1551,0.6029154297023673,0.9845650952726522,26274.0
1552,0.6023985593317752,0.9842247517465533,26099.0
1553,0.6019211480595633,0.9839031670764365,25922.0
1554,0.6014138118542687,0.9835648563544772,25746.0
1555,0.6008289993352364,0.9831853669136097,25573.0
1556,0.6002125900555096,0.9827880726527823,25401.0
1557,0.5995798818913242,0.9823563513614437,25231.0
1558,0.598914691564919,0.9819058609318289,25062.0
1559,0.5984172893066603,0.9815797883300265,24894.0
1560,0.5980106744298884,0.9812322832579304,24732.0
1561,0.5975009157881883,0.9807801006535855,24569.0
1562,0.5970497848801475,0.9803299753326041,24405.0
1563,0.5966750546594612,0.9799073003196277,24241.0
1564,0.5961881825353984,0.9793976476953244,24083.0
1565,0.5957784743991641,0.9788725696025218,23925.0
1566,0.595423379464098,0.9784997733683001,23773.0
1567,0.5950304774805283,0.9780786662687162,23624.0
1568,0.5945819312518635,0.9776256270462945,23477.0
1569,0.5941022673695942,0.9771532538142518,23331.0
1570,0.5936435378843418,0.9767414011752996,23189.0
1571,0.5932401943769524,0.976346871745085,23048.0
1572,0.5929207402234636,0.9759486373953081,22912.0
1573,0.5925535651563049,0.9755045323472871,22776.0
1574,0.5923063333627772,0.9750561510689372,22642.0
1575,0.5920924033762772,0.9745664433201728,22510.0
1576,0.5918495017650476,0.9740569308361156,22379.0
1577,0.5915853822987369,0.9735591151518437,22247.0
1578,0.5911824553470495,0.9729283205834991,22115.0
1579,0.5907933042212519,0.9723179521632376,21984.0
1580,0.590399487484556,0.9716997165856456,21853.0
1581,0.5899737605303135,0.9710593589784225,21723.0
1582,0.5894858730893933,0.9703228291425317,21590.0
1583,0.589049394221808,0.9696649352054763,21460.0
1584,0.5887206413201443,0.9690195475626097,21331.0
1585,0.5884073008536528,0.9683470433408854,21203.0
1586,0.5880231564961564,0.9676398675822434,21074.0
1587,0.5876259130185707,0.966889857825975,20947.0
1588,0.587223823246878,0.9661299383783756,20820.0
1589,0.5867684724302904,0.9653642558734222,20693.0
1590,0.5863276121942919,0.964619549086414,20567.0
1591,0.5858729149342073,0.9638815335378534,20443.0
1592,0.5853838582677166,0.9631187704165632,20320.0
1593,0.5848598871175363,0.9623308233813224,20198.0
1594,0.5843295477186691,0.9615323510173313,20076.0
1595,0.5837634678025557,0.9607079554487019,19955.0
1596,0.5832619107638014,0.9599009581562433,19835.0
1597,0.5826951361769032,0.9590524901500611,19717.0
1598,0.5821512399224411,0.9582081223416614,19598.0
1599,0.5815577347640807,0.9573384972260671,19477.0
1600,0.5808967868581465,0.9564256342720305,19358.0
1601,0.5801371998752728,0.955453097203025,19242.0
1602,0.5794343666684092,0.9545711383268883,19129.0
1603,0.5789778104953203,0.9538401207210495,19018.0
1604,0.5785158935843867,0.9530997261080416,18907.0
1605,0.5782754401829885,0.9528340558801642,18799.0
1606,0.5780714897260274,0.9526178663548297,18688.0
1607,0.577896210163652,0.95241519678849,18576.0
1608,0.5777958299485513,0.9521848533368495,18465.0
1609,0.5776627621901389,0.9519352727246982,18355.0
1610,0.5776060506412365,0.951714779346888,18246.0
1611,0.5776356418173798,0.9515036499283207,18136.0
1612,0.5777210695661822,0.9512853639344704,18026.0
1613,0.577775297203773,0.9510475923149687,17917.0
1614,0.5777977427143579,0.9507900090214517,17809.0
1615,0.5778116703383608,0.9504907313821587,17703.0
1616,0.5779065802932152,0.9502212314049389,17598.0
1617,0.5779276447390981,0.9498753214096237,17497.0
1618,0.5779732137724896,0.9495033657123383,17397.0
1619,0.5781105457909343,0.9491394636507198,17296.0
1620,0.578182241088562,0.9487364418310166,17197.0
1621,0.57817160905422,0.9482939649052418,17097.0
1622,0.5782288908502501,0.9478810908606211,16995.0
1623,0.5781434998816007,0.9473078362655232,16892.0
1624,0.5783204288266826,0.9470623387330307,16790.0
1625,0.5784995206136145,0.9468137414725768,16688.0
1626,0.5786459275336107,0.9465441145207637,16587.0
1627,0.5786792796070584,0.9461762322019398,16491.0
1628,0.5787836271579333,0.9458399883944526,16393.0
1629,0.57895059834305,0.945494443754805,16295.0
1630,0.5790578502191764,0.9451497253785784,16197.0
1631,0.5791925465838509,0.9447771470433394,16100.0
1632,0.5795064042486723,0.9445405454910756,16005.0
1633,0.579787568348941,0.9442824632131694,15911.0
1634,0.5803514982930839,0.9446452423955224,15818.0
1635,0.580614386567449,0.9446106231804594,15723.0
1636,0.580954818891591,0.9446130942679849,15626.0
1637,0.5812620734063104,0.9445965735714034,15530.0
1638,0.5816002591512796,0.9446923291940515,15435.0
1639,0.5820078226857888,0.9447834811552621,15340.0
1640,0.5823000721642722,0.9447228605582582,15243.0
1641,0.5825960649676483,0.9446613673123322,15146.0
1642,0.5829346092503987,0.9446184175556671,15048.0
1643,0.5832385793592402,0.9445552328081434,14951.0
1644,0.5837372105546581,0.9445705147983691,14856.0
1645,0.5841235437550799,0.9445264571108427,14764.0
1646,0.5844748858447488,0.944461823748439,14673.0
1647,0.5849276554892683,0.9444365714196783,14583.0
1648,0.5853052776819593,0.9443706548679852,14495.0
1649,0.58564686285397,0.9442836081783214,14408.0
1650,0.5860335195530726,0.9442156393955095,14320.0
1651,0.5864661654135338,0.9441670388715877,14231.0
1652,0.5869042568236459,0.9441176220038404,14142.0
1653,0.587289160913814,0.9440463317291101,14051.0
1654,0.5876495450963536,0.9440013089188378,13959.0
1655,0.5880147111848273,0.9439555461229724,13867.0
1656,0.5883719242215286,0.9438603325703687,13777.0
1657,0.5887768522577816,0.943784781162307,13686.0
1658,0.589143865842895,0.9436868544903415,13596.0
1659,0.5894284868226236,0.9435448702538973,13508.0
1660,0.5896729006780419,0.9433794984495537,13421.0
1661,0.5899205039748012,0.9432118743400464,13334.0
1662,0.5900822703600271,0.9429986415565262,13249.0
1663,0.5902461257976299,0.9427825774093072,13164.0
1664,0.5904121110176619,0.9425636251164646,13079.0
1665,0.5905348210850327,0.9423197065494838,12995.0
1666,0.5906414626588162,0.9420716490364603,12908.0
1667,0.5907814693495554,0.9417903503489419,12822.0
1668,0.5907663316582915,0.9414368939304831,12736.0
1669,0.590797691517116,0.9411010368449542,12649.0
1670,0.5908946195479147,0.9407842946759863,12564.0
1671,0.5909455128205128,0.940440315199821,12480.0
1672,0.5909164246531139,0.9400993480159698,12396.0
1673,0.5910013806545927,0.9398012346784276,12313.0
1674,0.5910874897792314,0.9394989702943082,12230.0
1675,0.5913730655251893,0.9394080685874282,12148.0
1676,0.5916963619789508,0.939284264309111,12067.0
1677,0.5919899874843555,0.9391904447387261,11985.0
1678,0.5922379032258065,0.9390714713393563,11904.0
1679,0.5925925925925926,0.9391242878346505,11826.0
1680,0.5929519918283963,0.9391776660592858,11748.0
1681,0.5932145305003427,0.9391832458539414,11672.0
1682,0.5934293351728895,0.9391644964039247,11597.0
1683,0.593820517271307,0.9392205455188382,11522.0
1684,0.5941649196366178,0.9392525506736921,11448.0
1685,0.5945138034112889,0.9392848424417023,11374.0
1686,0.5949031059198301,0.9392835915683119,11301.0
1687,0.5953335114435836,0.9392480959522245,11229.0
1688,0.5957523075544403,0.9391524945832394,11159.0
1689,0.596176391018126,0.9390554858663246,11089.0
1690,0.5966058626009619,0.9389570390733452,11019.0
1691,0.596986301369863,0.9388315847572855,10950.0
1692,0.5973715651135006,0.9387043649694543,10881.0
1693,0.5977064644409507,0.9385495417679179,10813.0
1694,0.598063855533836,0.9384542113769614,10743.0
1695,0.5983698707138843,0.9383313989600779,10674.0
1696,0.5987555387951353,0.9382350885463652,10607.0
1697,0.599146110056926,0.9381373819002097,10540.0
1698,0.5995034377387318,0.9380748760650222,10472.0
1699,0.5998654363706267,0.938011410019322,10404.0
1700,0.6001354489164087,0.9379572968417824,10336.0
1701,0.6004090377873004,0.9379023843864044,10268.0
1702,0.6006273894716204,0.93781953951536,10201.0
1703,0.6005920078934386,0.9374137127820593,10135.0
1704,0.6004965243296921,0.9369749672864885,10070.0
1705,0.6003397961223266,0.9365027313288655,10006.0
1706,0.6002414244039835,0.9360518685746616,9941.0
1707,0.6000809962539233,0.935566958663933,9877.0
1708,0.5998573466476462,0.9350474026452626,9814.0
1709,0.5997538209047082,0.934577171809101,9749.0
1710,0.5997108334193948,0.9341287316694987,9683.0
1711,0.5996672559010087,0.9336739138779698,9617.0
1712,0.5996439417740077,0.9332811463294727,9549.0
1713,0.599620293218015,0.9328825746049949,9481.0
1714,0.5994263862332696,0.9324603483993573,9414.0
1715,0.5992725716730851,0.9321059772058355,9348.0
1716,0.5989656287038034,0.9316831074562578,9281.0
1717,0.598654221836336,0.9312537875809337,9214.0
1718,0.5985569039029189,0.9309121997434888,9147.0
1719,0.5982604866233623,0.9304752792450381,9083.0
1720,0.5981598492406607,0.9302938913776241,9021.0
1721,0.5979910714285714,0.9300794949194978,8960.0
1722,0.5978199797730082,0.9298620771578197,8899.0
1723,0.5976465263634306,0.929641573763329,8838.0
1724,0.597538742023701,0.9294489889177937,8776.0
1725,0.5972923359339146,0.9291910434943719,8716.0
1726,0.5969735474182742,0.9288978862875795,8657.0
1727,0.5967666899278902,0.9285883849897818,8598.0
1728,0.5964871194379391,0.9282425443031337,8540.0
1729,0.5961334433573029,0.9278596369537863,8483.0
1730,0.5958456973293769,0.9275035804068045,8425.0
1731,0.595625149414296,0.9271749042680301,8366.0
1732,0.5960519980741454,0.9276428774036335,8308.0
1733,0.5964125560538116,0.9280839703166357,8251.0
1734,0.5967781303392726,0.9285308438430541,8194.0
1735,0.5974680432645034,0.9291236654518459,8136.0
1736,0.5980440703144343,0.9297371561020846,8078.0
1737,0.5989278144869717,0.9306870587888717,8021.0
1738,0.599824208940231,0.9316487145784493,7964.0
1739,0.6005816158806423,0.9325533261921687,7909.0
1740,0.6013496307613955,0.933469086296474,7854.0
1741,0.6021794871794872,0.934347156789671,7800.0
1742,0.6030209140201395,0.9352358778782741,7746.0
1743,0.6039256466917977,0.9360854865623194,7693.0
1744,0.6048429319371728,0.9369452060225649,7640.0
1745,0.6057730328192962,0.9378152174990307,7587.0
1746,0.6067162198035572,0.9386957065704397,7534.0
1747,0.6074291822554784,0.9394772614162838,7484.0
1748,0.6078299475312794,0.9402081836271313,7433.0
1749,0.6082362503386616,0.9409484527774976,7382.0
1750,0.6087549434065185,0.9417368207649447,7333.0
1751,0.6092506176228383,0.9424435964635025,7286.0
1752,0.6097527282773864,0.9431587454354695,7239.0
1753,0.6102614015572859,0.9438824178429136,7192.0
1754,0.6106912958298348,0.9445762957994596,7146.0
1755,0.6114631742008168,0.9456368967578764,7101.0
1756,0.6123316796598157,0.9467482095921681,7055.0
1757,0.6132115851048652,0.9478719712393652,7009.0
1758,0.6141913243320885,0.949048010987492,6962.0
1759,0.6153623607695646,0.9503173596741931,6913.0
1760,0.61649424449949,0.951659708634334,6863.0
1761,0.617586611861421,0.9530771531666621,6812.0
1762,0.61869545925159,0.9545125536531459,6761.0
1763,0.6198420974229107,0.9559609291527752,6713.0
1764,0.6210052513128282,0.95742652770059,6665.0
1765,0.6223934723481415,0.958986771303356,6618.0
1766,0.6237066342057213,0.960522427535465,6572.0
1767,0.6251340996168583,0.9621180082887537,6525.0
1768,0.6265822784810127,0.9637318851546465,6478.0
1769,0.6281094527363185,0.9653004597533088,6432.0
1770,0.6297572435395458,0.966930176770429,6385.0
1771,0.6313880126182966,0.9684691257980642,6340.0
1772,0.6330420969023034,0.9700247855081898,6295.0
1773,0.63472,0.9715974278732401,6250.0
1774,0.636583400483481,0.973164721808247,6205.0
1775,0.6384153271635006,0.974816954994246,6159.0
1776,0.6402159685863874,0.9765567329546276,6112.0
1777,0.6420445177246497,0.9783169213897285,6065.0
1778,0.6439016284479894,0.9800978801658915,6018.0
1779,0.645787975213532,0.9818999774713449,5971.0
1780,0.6477042538825118,0.9837235900459191,5924.0
1781,0.6497617426820966,0.985616529500083,5876.0
1782,0.6518531228551819,0.9875325426464955,5828.0
1783,0.6538661131292164,0.9894238381766295,5781.0
1784,0.6559121032438089,0.9913382571824328,5734.0
1785,0.6579919113768243,0.9932762230257335,5687.0
1786,0.6597517730496454,0.9951169707669903,5640.0
1787,0.6615412122295726,0.9969819904040483,5593.0
1788,0.6633609808871258,0.9988717667293578,5546.0
1789,0.6653328483084758,1.0008376009030673,5498.0
1790,0.6673394495412844,1.0028301319007304,5450.0
1791,0.6693190229459659,1.004715247647393,5404.0
1792,0.6713325867861142,1.0066251217667637,5358.0
1793,0.6733810240963856,1.0085602427644627,5312.0
1794,0.6754652487656665,1.0105211118059867,5266.0
1795,0.6776479601608887,1.0124210878809135,5221.0
1796,0.6798686244204019,1.0143456338264218,5176.0
1797,0.6821901792673422,1.0162058689234692,5132.0
1798,0.6845518867924528,1.0180893635108574,5088.0
1799,0.6868927225857624,1.020088158466618,5043.0
1800,0.6896,1.0224778394598277,5000.0
1801,0.6923542465200726,1.0248959302611371,4957.0
1802,0.6946875636067575,1.0269209521579015,4913.0
1803,0.6969199178644764,1.028915865182049,4870.0
1804,0.6991920447482909,1.0309373989883817,4827.0
1805,0.7012959866220736,1.0330268450799585,4784.0
1806,0.7029932546374368,1.034969170562685,4744.0
1807,0.7045696068012752,1.0368786305671158,4705.0
1808,0.7061723103300471,1.0388139660438218,4666.0
1809,0.7077122488658457,1.0406116761227677,4629.0
1810,0.7092770034843205,1.0424328563500689,4592.0
1811,0.7109306409130817,1.044172123506842,4556.0
1812,0.7126741871267419,1.0458264895555642,4521.0
1813,0.7144130095789708,1.0474352725780698,4489.0
1814,0.7161768005384788,1.0490616963278367,4457.0
1815,0.7178038861274288,1.0506427469143123,4426.0
1816,0.7194539249146757,1.0522411101963318,4395.0
1817,0.7203758881503552,1.0528077112769534,4363.0
1818,0.7214137214137214,1.053559338643407,4329.0
1819,0.7224679860302677,1.0543212739516603,4295.0
1820,0.7235390753344285,1.0550937290923224,4261.0
1821,0.7244560075685903,1.0558108329522282,4228.0
1822,0.7253873659117998,1.0565379085940225,4195.0
1823,0.7263334935127342,1.0572751645805314,4162.0
1824,0.7271186440677966,1.0579552187217738,4130.0
1825,0.727916056612982,1.0586448528024008,4098.0
1826,0.7289052890528905,1.059412910853526,4065.0
1827,0.7297297297297297,1.0601228549609085,4033.0
1828,0.730384807596202,1.0607732989904641,4002.0
1829,0.7308660624370594,1.061362810279964,3972.0
1830,0.7313546423135464,1.061960738708473,3942.0
1831,0.7318507157464212,1.0625672660065075,3912.0
1832,0.731977342945417,1.0630386155364262,3884.0
1833,0.7321752657505833,1.063387419193422,3857.0
1834,0.7323759791122716,1.0637409875701607,3830.0
1835,0.7325092056812205,1.064230544315611,3802.0
1836,0.7326444091149974,1.0647271200295563,3774.0
1837,0.7327102803738318,1.0653641625218324,3745.0
1838,0.7325800376647834,1.0659350768766032,3717.0
1839,0.7324478178368121,1.0665143313278003,3689.0
1840,0.7323135755258127,1.0671021102337777,3661.0
1841,0.7323788546255506,1.0677764672687293,3632.0
1842,0.7326485285952249,1.0685398598613551,3602.0
1843,0.7329227323628219,1.0693154504320326,3572.0
1844,0.733201581027668,1.0701035343141772,3542.0
1845,0.7339214570290268,1.0708221117290553,3514.0
1846,0.7346528973034997,1.0715512468412784,3486.0
1847,0.7353961827646038,1.0722911740478316,3458.0
1848,0.7363662875473899,1.0731249588683602,3429.0
1849,0.7374926427310182,1.074203559575827,3398.0
1850,0.7386397386397386,1.075299702588584,3367.0
1851,0.7398081534772182,1.076413819035487,3336.0
1852,0.7412227602905569,1.077632307264606,3304.0
1853,0.7424381301558204,1.0787845396762157,3273.0
1854,0.7435976550447393,1.0801133987308722,3241.0
1855,0.7445482866043613,1.0813771898277817,3210.0
1856,0.7450487268154669,1.0824841157414264,3181.0
1857,0.7456390738978751,1.083447586637449,3153.0
1858,0.7463211772232885,1.0842630962696194,3126.0
1859,0.7470151661826395,1.0850917515101424,3099.0
1860,0.7469879518072289,1.085349526936031,3071.0
1861,0.7469602366086099,1.0856119841246954,3043.0
1862,0.7469320066334991,1.0858792518151734,3015.0
1863,0.7469032474054235,1.0861514635111322,2987.0
1864,0.7466216216216216,1.086331903456051,2960.0
1865,0.7463348107739516,1.0865155607963464,2933.0
1866,0.7456110154905335,1.0866404079488106,2905.0
1867,0.7446143154968728,1.086666995361438,2878.0
1868,0.743859649122807,1.086794524745628,2850.0
1869,0.7430900070871722,1.086924030452569,2822.0
1870,0.7423049391553329,1.0870555552654075,2794.0
1871,0.7412359956631731,1.0870839972599347,2767.0
1872,0.7402407880335644,1.0869248527063033,2741.0
1873,0.7393225331369662,1.086573059746147,2716.0
1874,0.7383872166480863,1.0862138124191096,2691.0
1875,0.7374343585896475,1.0858468740001477,2666.0
1876,0.7364634608102991,1.0854719977272504,2641.0
1877,0.7351929690485288,1.0849767693560493,2617.0
1878,0.7336160370084811,1.0843572175397584,2594.0
1879,0.7320108907040063,1.0837238552481328,2571.0
1880,0.7303767660910518,1.08307622903709,2548.0
1881,0.7287128712871287,1.082413865799342,2525.0
1882,0.726109556177529,1.0809967707595813,2501.0
1883,0.7239709443099274,1.0796304870921611,2478.0
1884,0.7217922606924644,1.07823244875607,2455.0
1885,0.7198683669271905,1.0769241288843996,2431.0
1886,0.717607973421927,1.0754605822775578,2408.0
1887,0.7153039832285115,1.0739618454855795,2385.0
1888,0.7128335451080051,1.0726375585568462,2361.0
1889,0.7103123662815576,1.0712784962028468,2337.0
1890,0.7077388672719412,1.069883307488156,2313.0
1891,0.7051114023591087,1.0684505718023598,2289.0
1892,0.7024282560706402,1.0669787943586957,2265.0
1893,0.6996876394466756,1.065466401341369,2241.0
1894,0.6968876860622463,1.0639117346692302,2217.0
1895,0.6940264477884177,1.0623130463400527,2193.0
1896,0.6912442396313364,1.0604446905438425,2170.0
1897,0.6884024219841639,1.0585253287153198,2147.0
1898,0.6854990583804144,1.0565528808855003,2124.0
1899,0.6836346336822074,1.055485215064041,2102.0
1900,0.6817307692307693,1.05439043372898,2080.0
1901,0.6797862001943634,1.0532675056545289,2058.0
1902,0.6777996070726916,1.0521153471950144,2036.0
1903,0.6757696127110229,1.0509328189354905,2014.0
1904,0.6736947791164659,1.049718722083477,1992.0
1905,0.6715736040609137,1.0484717945782376,1970.0
1906,0.6694045174537988,1.0471907068915498,1948.0
1907,0.6664935064935065,1.0457042189344523,1925.0
1908,0.6635120925341745,1.044171150981367,1902.0
1909,0.660457690260777,1.042589348047227,1879.0
1910,0.6573275862068966,1.0409565228129554,1856.0
1911,0.6541189307146754,1.0392702454381173,1833.0
1912,0.6495301271420675,1.0363424080001302,1809.0
1913,0.6448179271708684,1.0333059417157935,1785.0
1914,0.6418842224744609,1.03296844990621,1762.0
1915,0.6387133831131534,1.0321695480150173,1741.0
1916,0.6354651162790698,1.0313403704918513,1720.0
1917,0.6321365509123014,1.0304793629680584,1699.0
1918,0.6287246722288439,1.0295848694778416,1678.0
1919,0.6252263126131563,1.0286551243319961,1657.0
1920,0.621638141809291,1.0276882432175998,1636.0
1921,0.6179566563467492,1.0266822134375664,1615.0
1922,0.6141781681304893,1.0256348831929685,1594.0
1923,0.6099110546378653,1.0243337460815718,1574.0
1924,0.6055341055341056,1.0229788726008813,1554.0
1925,0.6014350945857795,1.0217851714270691,1533.0
1926,0.5976174718729318,1.0207617668688194,1511.0
1927,0.5932885906040268,1.0194656437212744,1490.0
1928,0.5892370572207084,1.0183423267316092,1468.0
1929,0.5850622406639004,1.0171666136866917,1446.0
1930,0.5807584269662921,1.015935151045884,1424.0
1931,0.5759087669280114,1.0143990850725983,1403.0
1932,0.5712219812002892,1.012488814628599,1383.0
1933,0.566813509544787,1.0107504325538192,1362.0
1934,0.5625931445603577,1.008628758784754,1342.0
1935,0.5582450832072617,1.0064196396068614,1322.0
1936,0.553763440860215,1.0041177936554937,1302.0
1937,0.5491419656786272,1.0017175165447458,1282.0
1938,0.5439429928741093,0.9989341244647695,1263.0
1939,0.5381526104417671,0.9957456734250506,1245.0
1940,0.5321923390383048,0.9924175840749024,1227.0
1941,0.5260545905707196,0.9889410352440575,1209.0
1942,0.5197313182199832,0.9853064677106624,1191.0
1943,0.5132139812446718,0.9815035061071375,1173.0
1944,0.5064935064935064,0.9775208706727333,1155.0
1945,0.4995602462620932,0.973346277262364,1137.0
1946,0.49241748438893845,0.9683313835708874,1121.0
1947,0.4850678733031674,0.9630885269732956,1105.0
1948,0.47750229568411384,0.9576025163232509,1089.0
1949,0.4692737430167598,0.9515210923117866,1074.0
1950,0.46081208687440983,0.9451516424501256,1059.0
1951,0.45263157894736844,0.9381777311000741,1045.0
1952,0.44422890397672166,0.9308849333846713,1031.0
1953,0.43559488692232057,0.9232514144611635,1017.0
1954,0.4267198404785643,0.9152532606949558,1003.0
1955,0.41759352881698686,0.9068642153372775,989.0
1956,0.4082051282051282,0.8980553705863422,975.0
1957,0.40124740124740127,0.8922830817280403,962.0
1958,0.39451476793248946,0.8866316054564881,948.0
1959,0.3875802997858672,0.8807187527310456,934.0
1960,0.3808487486398259,0.8749123441783805,919.0
1961,0.37389380530973454,0.8688174354940771,904.0
1962,0.36670416197975253,0.8624123164690559,889.0
1963,0.36114285714285715,0.8569802613570933,875.0
1964,0.3558139534883721,0.8517057665221457,860.0
1965,0.34988179669030733,0.8457586407002501,846.0
1966,0.34375,0.8395227427650398,832.0
1967,0.3374083129584352,0.8329764842326242,818.0
1968,0.3308457711442786,0.826096030224516,804.0
1969,0.3240506329113924,0.8188549905397893,790.0
1970,0.3170103092783505,0.8112240563315423,776.0
1971,0.30971128608923887,0.8031705703989531,762.0
1972,0.30213903743315507,0.7946580158589088,748.0
1973,0.29427792915531337,0.785645403649889,734.0
1974,0.2861111111111111,0.7760865335295316,720.0
1975,0.2776203966005666,0.7659290953483352,706.0
1976,0.26878612716763006,0.7551135665124448,692.0
1977,0.25958702064896755,0.7435718463226638,678.0
1978,0.25,0.7312255461871403,664.0
1979,0.24423963133640553,0.7255405397330817,651.0
1980,0.23824451410658307,0.7195267433997871,638.0
1981,0.232,0.7131547823507486,625.0
1982,0.22512234910277323,0.7058730234272421,613.0
1983,0.21797004991680533,0.6981474575151233,601.0
1984,0.21052631578947367,0.68993583557782,589.0
1985,0.2041522491349481,0.6814069889419891,578.0
1986,0.19753086419753085,0.6723679783055297,567.0
1987,0.1906474820143885,0.6627697369040099,556.0
1988,0.1834862385321101,0.652556308347372,545.0
