,Time,0,1,2,3,4,5,6,7,8,9,10,11,12,13,14,15,16,17,18,19,20,21,22,23,24,25,26,27,28,29,30,31,32,33,34,35,36,37,38,39,40,41,42,43,44,45,46,47,48,49,50,51,52,53,54,55,56,57,58,59,60,61,62,63,64,65,66,67,68,69,70,71,72,73,74,75,76,77,78,79,80,81,82,83,84,85,86,87,88,89,90,91,92,93,94,95,96,97,98,99
0,1,0.00175916,0.00175916,0.00175916,0.00175916,0.00175916,0.00175916,0.00175916,0.00175916,0.00175916,0.00175916,0.00175916,0.00175916,0.00175916,0.00175916,0.00175916,0.00175916,0.00175916,0.00175916,0.00175916,0.00175916,0.00175916,0.00175916,0.00175916,0.00175916,0.00175916,0.00175916,0.00175916,0.00175916,0.00175916,0.00175916,0.00175916,0.00175916,0.00175916,0.00175916,0.00175916,0.00175916,0.00175916,0.00175916,0.00175916,0.00175916,0.00175916,0.00175916,0.00175916,0.00175916,0.00175916,0.00175916,0.00175916,0.00175916,0.00175916,0.00175916,0.00175916,0.00175916,0.00175916,0.00175916,0.00175916,0.00175916,0.00175916,0.00175916,0.00175916,0.00175916,0.003229502,0.003229502,0.003229502,0.003229502,0.003229502,0.003229502,0.003229502,0.003229502,0.003229502,0.003229502,0.008874567,0.008874567,0.008874567,0.008874567,0.008874567,0.008874567,0.008874567,0.008874567,0.008874567,0.008874567,0.016790786,0.016790786,0.016790786,0.016790786,0.016790786,0.016790786,0.016790786,0.016790786,0.016790786,0.016790786,0.006012651,0.006012651,0.006012651,0.006012651,0.006012651,0.006012651,0.006012651,0.006012651,0.006012651,0.006012651
1,2,0.00175916,0.00175916,0.00175916,0.00175916,0.00175916,0.00175916,0.00175916,0.00175916,0.00175916,0.00175916,0.00175916,0.00175916,0.00175916,0.00175916,0.00175916,0.00175916,0.00175916,0.00175916,0.00175916,0.00175916,0.00175916,0.00175916,0.00175916,0.00175916,0.00175916,0.00175916,0.00175916,0.00175916,0.00175916,0.00175916,0.00175916,0.00175916,0.00175916,0.00175916,0.00175916,0.00175916,0.00175916,0.00175916,0.00175916,0.00175916,0.00175916,0.00175916,0.00175916,0.00175916,0.00175916,0.00175916,0.00175916,0.00175916,0.00175916,0.00175916,0.00175916,0.00175916,0.00175916,0.00175916,0.00175916,0.00175916,0.00175916,0.00175916,0.00175916,0.00175916,0.003229502,0.003229502,0.003229502,0.003229502,0.003229502,0.003229502,0.003229502,0.003229502,0.003229502,0.003229502,0.008874567,0.008874567,0.008874567,0.008874567,0.008874567,0.008874567,0.008874567,0.008874567,0.008874567,0.008874567,0.016790786,0.016790786,0.016790786,0.016790786,0.016790786,0.016790786,0.016790786,0.016790786,0.016790786,0.016790786,0.006012651,0.006012651,0.006012651,0.006012651,0.006012651,0.006012651,0.006012651,0.006012651,0.006012651,0.006012651
2,3,0.00175916,0.00175916,0.00175916,0.00175916,0.00175916,0.00175916,0.00175916,0.00175916,0.00175916,0.00175916,0.00175916,0.00175916,0.00175916,0.00175916,0.00175916,0.00175916,0.00175916,0.00175916,0.00175916,0.00175916,0.00175916,0.00175916,0.00175916,0.00175916,0.00175916,0.00175916,0.00175916,0.00175916,0.00175916,0.00175916,0.00175916,0.00175916,0.00175916,0.00175916,0.00175916,0.00175916,0.00175916,0.00175916,0.00175916,0.00175916,0.00175916,0.00175916,0.00175916,0.00175916,0.00175916,0.00175916,0.00175916,0.00175916,0.00175916,0.00175916,0.00175916,0.00175916,0.00175916,0.00175916,0.00175916,0.00175916,0.00175916,0.00175916,0.00175916,0.00175916,0.003229502,0.003229502,0.003229502,0.003229502,0.003229502,0.003229502,0.003229502,0.003229502,0.003229502,0.003229502,0.008874567,0.008874567,0.008874567,0.008874567,0.008874567,0.008874567,0.008874567,0.008874567,0.008874567,0.008874567,0.016790786,0.016790786,0.016790786,0.016790786,0.016790786,0.016790786,0.016790786,0.016790786,0.016790786,0.016790786,0.006012651,0.006012651,0.006012651,0.006012651,0.006012651,0.006012651,0.006012651,0.006012651,0.006012651,0.006012651
3,4,0.00175916,0.00175916,0.00175916,0.00175916,0.00175916,0.00175916,0.00175916,0.00175916,0.00175916,0.00175916,0.00175916,0.00175916,0.00175916,0.00175916,0.00175916,0.00175916,0.00175916,0.00175916,0.00175916,0.00175916,0.00175916,0.00175916,0.00175916,0.00175916,0.00175916,0.00175916,0.00175916,0.00175916,0.00175916,0.00175916,0.00175916,0.00175916,0.00175916,0.00175916,0.00175916,0.00175916,0.00175916,0.00175916,0.00175916,0.00175916,0.00175916,0.00175916,0.00175916,0.00175916,0.00175916,0.00175916,0.00175916,0.00175916,0.00175916,0.00175916,0.00175916,0.00175916,0.00175916,0.00175916,0.00175916,0.00175916,0.00175916,0.00175916,0.00175916,0.00175916,0.003229502,0.003229502,0.003229502,0.003229502,0.003229502,0.003229502,0.003229502,0.003229502,0.003229502,0.003229502,0.008874567,0.008874567,0.008874567,0.008874567,0.008874567,0.008874567,0.008874567,0.008874567,0.008874567,0.008874567,0.016790786,0.016790786,0.016790786,0.016790786,0.016790786,0.016790786,0.016790786,0.016790786,0.016790786,0.016790786,0.006012651,0.006012651,0.006012651,0.006012651,0.006012651,0.006012651,0.006012651,0.006012651,0.006012651,0.006012651
4,5,0.00175916,0.00175916,0.00175916,0.00175916,0.00175916,0.00175916,0.00175916,0.00175916,0.00175916,0.00175916,0.00175916,0.00175916,0.00175916,0.00175916,0.00175916,0.00175916,0.00175916,0.00175916,0.00175916,0.00175916,0.00175916,0.00175916,0.00175916,0.00175916,0.00175916,0.00175916,0.00175916,0.00175916,0.00175916,0.00175916,0.00175916,0.00175916,0.00175916,0.00175916,0.00175916,0.00175916,0.00175916,0.00175916,0.00175916,0.00175916,0.00175916,0.00175916,0.00175916,0.00175916,0.00175916,0.00175916,0.00175916,0.00175916,0.00175916,0.00175916,0.00175916,0.00175916,0.00175916,0.00175916,0.00175916,0.00175916,0.00175916,0.00175916,0.00175916,0.00175916,0.003229502,0.003229502,0.003229502,0.003229502,0.003229502,0.003229502,0.003229502,0.003229502,0.003229502,0.003229502,0.008874567,0.008874567,0.008874567,0.008874567,0.008874567,0.008874567,0.008874567,0.008874567,0.008874567,0.008874567,0.016790786,0.016790786,0.016790786,0.016790786,0.016790786,0.016790786,0.016790786,0.016790786,0.016790786,0.016790786,0.006012651,0.006012651,0.006012651,0.006012651,0.006012651,0.006012651,0.006012651,0.006012651,0.006012651,0.006012651
5,6,0.00175916,0.00175916,0.00175916,0.00175916,0.00175916,0.00175916,0.00175916,0.00175916,0.00175916,0.00175916,0.00175916,0.00175916,0.00175916,0.00175916,0.00175916,0.00175916,0.00175916,0.00175916,0.00175916,0.00175916,0.00175916,0.00175916,0.00175916,0.00175916,0.00175916,0.00175916,0.00175916,0.00175916,0.00175916,0.00175916,0.00175916,0.00175916,0.00175916,0.00175916,0.00175916,0.00175916,0.00175916,0.00175916,0.00175916,0.00175916,0.00175916,0.00175916,0.00175916,0.00175916,0.00175916,0.00175916,0.00175916,0.00175916,0.00175916,0.00175916,0.00175916,0.00175916,0.00175916,0.00175916,0.00175916,0.00175916,0.00175916,0.00175916,0.00175916,0.00175916,0.003229502,0.003229502,0.003229502,0.003229502,0.003229502,0.003229502,0.003229502,0.003229502,0.003229502,0.003229502,0.008874567,0.008874567,0.008874567,0.008874567,0.008874567,0.008874567,0.008874567,0.008874567,0.008874567,0.008874567,0.016790786,0.016790786,0.016790786,0.016790786,0.016790786,0.016790786,0.016790786,0.016790786,0.016790786,0.016790786,0.006012651,0.006012651,0.006012651,0.006012651,0.006012651,0.006012651,0.006012651,0.006012651,0.006012651,0.006012651
6,7,0.00175916,0.00175916,0.00175916,0.00175916,0.00175916,0.00175916,0.00175916,0.00175916,0.00175916,0.00175916,0.00175916,0.00175916,0.00175916,0.00175916,0.00175916,0.00175916,0.00175916,0.00175916,0.00175916,0.00175916,0.00175916,0.00175916,0.00175916,0.00175916,0.00175916,0.00175916,0.00175916,0.00175916,0.00175916,0.00175916,0.00175916,0.00175916,0.00175916,0.00175916,0.00175916,0.00175916,0.00175916,0.00175916,0.00175916,0.00175916,0.00175916,0.00175916,0.00175916,0.00175916,0.00175916,0.00175916,0.00175916,0.00175916,0.00175916,0.00175916,0.00175916,0.00175916,0.00175916,0.00175916,0.00175916,0.00175916,0.00175916,0.00175916,0.00175916,0.00175916,0.003229502,0.003229502,0.003229502,0.003229502,0.003229502,0.003229502,0.003229502,0.003229502,0.003229502,0.003229502,0.008874567,0.008874567,0.008874567,0.008874567,0.008874567,0.008874567,0.008874567,0.008874567,0.008874567,0.008874567,0.016790786,0.016790786,0.016790786,0.016790786,0.016790786,0.016790786,0.016790786,0.016790786,0.016790786,0.016790786,0.006012651,0.006012651,0.006012651,0.006012651,0.006012651,0.006012651,0.006012651,0.006012651,0.006012651,0.006012651
7,8,0.00175916,0.00175916,0.00175916,0.00175916,0.00175916,0.00175916,0.00175916,0.00175916,0.00175916,0.00175916,0.00175916,0.00175916,0.00175916,0.00175916,0.00175916,0.00175916,0.00175916,0.00175916,0.00175916,0.00175916,0.00175916,0.00175916,0.00175916,0.00175916,0.00175916,0.00175916,0.00175916,0.00175916,0.00175916,0.00175916,0.00175916,0.00175916,0.00175916,0.00175916,0.00175916,0.00175916,0.00175916,0.00175916,0.00175916,0.00175916,0.00175916,0.00175916,0.00175916,0.00175916,0.00175916,0.00175916,0.00175916,0.00175916,0.00175916,0.00175916,0.00175916,0.00175916,0.00175916,0.00175916,0.00175916,0.00175916,0.00175916,0.00175916,0.00175916,0.00175916,0.003229502,0.003229502,0.003229502,0.003229502,0.003229502,0.003229502,0.003229502,0.003229502,0.003229502,0.003229502,0.008874567,0.008874567,0.008874567,0.008874567,0.008874567,0.008874567,0.008874567,0.008874567,0.008874567,0.008874567,0.016790786,0.016790786,0.016790786,0.016790786,0.016790786,0.016790786,0.016790786,0.016790786,0.016790786,0.016790786,0.006012651,0.006012651,0.006012651,0.006012651,0.006012651,0.006012651,0.006012651,0.006012651,0.006012651,0.006012651
8,9,0.00175916,0.00175916,0.00175916,0.00175916,0.00175916,0.00175916,0.00175916,0.00175916,0.00175916,0.00175916,0.00175916,0.00175916,0.00175916,0.00175916,0.00175916,0.00175916,0.00175916,0.00175916,0.00175916,0.00175916,0.00175916,0.00175916,0.00175916,0.00175916,0.00175916,0.00175916,0.00175916,0.00175916,0.00175916,0.00175916,0.00175916,0.00175916,0.00175916,0.00175916,0.00175916,0.00175916,0.00175916,0.00175916,0.00175916,0.00175916,0.00175916,0.00175916,0.00175916,0.00175916,0.00175916,0.00175916,0.00175916,0.00175916,0.00175916,0.00175916,0.00175916,0.00175916,0.00175916,0.00175916,0.00175916,0.00175916,0.00175916,0.00175916,0.00175916,0.00175916,0.003229502,0.003229502,0.003229502,0.003229502,0.003229502,0.003229502,0.003229502,0.003229502,0.003229502,0.003229502,0.008874567,0.008874567,0.008874567,0.008874567,0.008874567,0.008874567,0.008874567,0.008874567,0.008874567,0.008874567,0.016790786,0.016790786,0.016790786,0.016790786,0.016790786,0.016790786,0.016790786,0.016790786,0.016790786,0.016790786,0.006012651,0.006012651,0.006012651,0.006012651,0.006012651,0.006012651,0.006012651,0.006012651,0.006012651,0.006012651
9,10,0.00175916,0.00175916,0.00175916,0.00175916,0.00175916,0.00175916,0.00175916,0.00175916,0.00175916,0.00175916,0.00175916,0.00175916,0.00175916,0.00175916,0.00175916,0.00175916,0.00175916,0.00175916,0.00175916,0.00175916,0.00175916,0.00175916,0.00175916,0.00175916,0.00175916,0.00175916,0.00175916,0.00175916,0.00175916,0.00175916,0.00175916,0.00175916,0.00175916,0.00175916,0.00175916,0.00175916,0.00175916,0.00175916,0.00175916,0.00175916,0.00175916,0.00175916,0.00175916,0.00175916,0.00175916,0.00175916,0.00175916,0.00175916,0.00175916,0.00175916,0.00175916,0.00175916,0.00175916,0.00175916,0.00175916,0.00175916,0.00175916,0.00175916,0.00175916,0.00175916,0.003229502,0.003229502,0.003229502,0.003229502,0.003229502,0.003229502,0.003229502,0.003229502,0.003229502,0.003229502,0.008874567,0.008874567,0.008874567,0.008874567,0.008874567,0.008874567,0.008874567,0.008874567,0.008874567,0.008874567,0.016790786,0.016790786,0.016790786,0.016790786,0.016790786,0.016790786,0.016790786,0.016790786,0.016790786,0.016790786,0.006012651,0.006012651,0.006012651,0.006012651,0.006012651,0.006012651,0.006012651,0.006012651,0.006012651,0.006012651
10,11,0.00175916,0.00175916,0.00175916,0.00175916,0.00175916,0.00175916,0.00175916,0.00175916,0.00175916,0.00175916,0.00175916,0.00175916,0.00175916,0.00175916,0.00175916,0.00175916,0.00175916,0.00175916,0.00175916,0.00175916,0.00175916,0.00175916,0.00175916,0.00175916,0.00175916,0.00175916,0.00175916,0.00175916,0.00175916,0.00175916,0.00175916,0.00175916,0.00175916,0.00175916,0.00175916,0.00175916,0.00175916,0.00175916,0.00175916,0.00175916,0.00175916,0.00175916,0.00175916,0.00175916,0.00175916,0.00175916,0.00175916,0.00175916,0.00175916,0.00175916,0.00175916,0.00175916,0.00175916,0.00175916,0.00175916,0.00175916,0.00175916,0.00175916,0.00175916,0.00175916,0.003229502,0.003229502,0.003229502,0.003229502,0.003229502,0.003229502,0.003229502,0.003229502,0.003229502,0.003229502,0.008874567,0.008874567,0.008874567,0.008874567,0.008874567,0.008874567,0.008874567,0.008874567,0.008874567,0.008874567,0.016790786,0.016790786,0.016790786,0.016790786,0.016790786,0.016790786,0.016790786,0.016790786,0.016790786,0.016790786,0.006012651,0.006012651,0.006012651,0.006012651,0.006012651,0.006012651,0.006012651,0.006012651,0.006012651,0.006012651
11,12,0.00175916,0.00175916,0.00175916,0.00175916,0.00175916,0.00175916,0.00175916,0.00175916,0.00175916,0.00175916,0.00175916,0.00175916,0.00175916,0.00175916,0.00175916,0.00175916,0.00175916,0.00175916,0.00175916,0.00175916,0.00175916,0.00175916,0.00175916,0.00175916,0.00175916,0.00175916,0.00175916,0.00175916,0.00175916,0.00175916,0.00175916,0.00175916,0.00175916,0.00175916,0.00175916,0.00175916,0.00175916,0.00175916,0.00175916,0.00175916,0.00175916,0.00175916,0.00175916,0.00175916,0.00175916,0.00175916,0.00175916,0.00175916,0.00175916,0.00175916,0.00175916,0.00175916,0.00175916,0.00175916,0.00175916,0.00175916,0.00175916,0.00175916,0.00175916,0.00175916,0.003229502,0.003229502,0.003229502,0.003229502,0.003229502,0.003229502,0.003229502,0.003229502,0.003229502,0.003229502,0.008874567,0.008874567,0.008874567,0.008874567,0.008874567,0.008874567,0.008874567,0.008874567,0.008874567,0.008874567,0.016790786,0.016790786,0.016790786,0.016790786,0.016790786,0.016790786,0.016790786,0.016790786,0.016790786,0.016790786,0.006012651,0.006012651,0.006012651,0.006012651,0.006012651,0.006012651,0.006012651,0.006012651,0.006012651,0.006012651
12,13,0.00175916,0.00175916,0.00175916,0.00175916,0.00175916,0.00175916,0.00175916,0.00175916,0.00175916,0.00175916,0.00175916,0.00175916,0.00175916,0.00175916,0.00175916,0.00175916,0.00175916,0.00175916,0.00175916,0.00175916,0.00175916,0.00175916,0.00175916,0.00175916,0.00175916,0.00175916,0.00175916,0.00175916,0.00175916,0.00175916,0.00175916,0.00175916,0.00175916,0.00175916,0.00175916,0.00175916,0.00175916,0.00175916,0.00175916,0.00175916,0.00175916,0.00175916,0.00175916,0.00175916,0.00175916,0.00175916,0.00175916,0.00175916,0.00175916,0.00175916,0.00175916,0.00175916,0.00175916,0.00175916,0.00175916,0.00175916,0.00175916,0.00175916,0.00175916,0.00175916,0.003229502,0.003229502,0.003229502,0.003229502,0.003229502,0.003229502,0.003229502,0.003229502,0.003229502,0.003229502,0.008874567,0.008874567,0.008874567,0.008874567,0.008874567,0.008874567,0.008874567,0.008874567,0.008874567,0.008874567,0.016790786,0.016790786,0.016790786,0.016790786,0.016790786,0.016790786,0.016790786,0.016790786,0.016790786,0.016790786,0.006012651,0.006012651,0.006012651,0.006012651,0.006012651,0.006012651,0.006012651,0.006012651,0.006012651,0.006012651
13,14,0.00175916,0.00175916,0.00175916,0.00175916,0.00175916,0.00175916,0.00175916,0.00175916,0.00175916,0.00175916,0.00175916,0.00175916,0.00175916,0.00175916,0.00175916,0.00175916,0.00175916,0.00175916,0.00175916,0.00175916,0.00175916,0.00175916,0.00175916,0.00175916,0.00175916,0.00175916,0.00175916,0.00175916,0.00175916,0.00175916,0.00175916,0.00175916,0.00175916,0.00175916,0.00175916,0.00175916,0.00175916,0.00175916,0.00175916,0.00175916,0.00175916,0.00175916,0.00175916,0.00175916,0.00175916,0.00175916,0.00175916,0.00175916,0.00175916,0.00175916,0.00175916,0.00175916,0.00175916,0.00175916,0.00175916,0.00175916,0.00175916,0.00175916,0.00175916,0.00175916,0.003229502,0.003229502,0.003229502,0.003229502,0.003229502,0.003229502,0.003229502,0.003229502,0.003229502,0.003229502,0.008874567,0.008874567,0.008874567,0.008874567,0.008874567,0.008874567,0.008874567,0.008874567,0.008874567,0.008874567,0.016790786,0.016790786,0.016790786,0.016790786,0.016790786,0.016790786,0.016790786,0.016790786,0.016790786,0.016790786,0.006012651,0.006012651,0.006012651,0.006012651,0.006012651,0.006012651,0.006012651,0.006012651,0.006012651,0.006012651
14,15,0.00175916,0.00175916,0.00175916,0.00175916,0.00175916,0.00175916,0.00175916,0.00175916,0.00175916,0.00175916,0.00175916,0.00175916,0.00175916,0.00175916,0.00175916,0.00175916,0.00175916,0.00175916,0.00175916,0.00175916,0.00175916,0.00175916,0.00175916,0.00175916,0.00175916,0.00175916,0.00175916,0.00175916,0.00175916,0.00175916,0.00175916,0.00175916,0.00175916,0.00175916,0.00175916,0.00175916,0.00175916,0.00175916,0.00175916,0.00175916,0.00175916,0.00175916,0.00175916,0.00175916,0.00175916,0.00175916,0.00175916,0.00175916,0.00175916,0.00175916,0.00175916,0.00175916,0.00175916,0.00175916,0.00175916,0.00175916,0.00175916,0.00175916,0.00175916,0.00175916,0.003229502,0.003229502,0.003229502,0.003229502,0.003229502,0.003229502,0.003229502,0.003229502,0.003229502,0.003229502,0.008874567,0.008874567,0.008874567,0.008874567,0.008874567,0.008874567,0.008874567,0.008874567,0.008874567,0.008874567,0.016790786,0.016790786,0.016790786,0.016790786,0.016790786,0.016790786,0.016790786,0.016790786,0.016790786,0.016790786,0.006012651,0.006012651,0.006012651,0.006012651,0.006012651,0.006012651,0.006012651,0.006012651,0.006012651,0.006012651
15,16,0.00175916,0.00175916,0.00175916,0.00175916,0.00175916,0.00175916,0.00175916,0.00175916,0.00175916,0.00175916,0.00175916,0.00175916,0.00175916,0.00175916,0.00175916,0.00175916,0.00175916,0.00175916,0.00175916,0.00175916,0.00175916,0.00175916,0.00175916,0.00175916,0.00175916,0.00175916,0.00175916,0.00175916,0.00175916,0.00175916,0.00175916,0.00175916,0.00175916,0.00175916,0.00175916,0.00175916,0.00175916,0.00175916,0.00175916,0.00175916,0.00175916,0.00175916,0.00175916,0.00175916,0.00175916,0.00175916,0.00175916,0.00175916,0.00175916,0.00175916,0.00175916,0.00175916,0.00175916,0.00175916,0.00175916,0.00175916,0.00175916,0.00175916,0.00175916,0.00175916,0.003229502,0.003229502,0.003229502,0.003229502,0.003229502,0.003229502,0.003229502,0.003229502,0.003229502,0.003229502,0.008874567,0.008874567,0.008874567,0.008874567,0.008874567,0.008874567,0.008874567,0.008874567,0.008874567,0.008874567,0.016790786,0.016790786,0.016790786,0.016790786,0.016790786,0.016790786,0.016790786,0.016790786,0.016790786,0.016790786,0.006012651,0.006012651,0.006012651,0.006012651,0.006012651,0.006012651,0.006012651,0.006012651,0.006012651,0.006012651
16,17,0.00175916,0.00175916,0.00175916,0.00175916,0.00175916,0.00175916,0.00175916,0.00175916,0.00175916,0.00175916,0.00175916,0.00175916,0.00175916,0.00175916,0.00175916,0.00175916,0.00175916,0.00175916,0.00175916,0.00175916,0.00175916,0.00175916,0.00175916,0.00175916,0.00175916,0.00175916,0.00175916,0.00175916,0.00175916,0.00175916,0.00175916,0.00175916,0.00175916,0.00175916,0.00175916,0.00175916,0.00175916,0.00175916,0.00175916,0.00175916,0.00175916,0.00175916,0.00175916,0.00175916,0.00175916,0.00175916,0.00175916,0.00175916,0.00175916,0.00175916,0.00175916,0.00175916,0.00175916,0.00175916,0.00175916,0.00175916,0.00175916,0.00175916,0.00175916,0.00175916,0.003229502,0.003229502,0.003229502,0.003229502,0.003229502,0.003229502,0.003229502,0.003229502,0.003229502,0.003229502,0.008874567,0.008874567,0.008874567,0.008874567,0.008874567,0.008874567,0.008874567,0.008874567,0.008874567,0.008874567,0.016790786,0.016790786,0.016790786,0.016790786,0.016790786,0.016790786,0.016790786,0.016790786,0.016790786,0.016790786,0.006012651,0.006012651,0.006012651,0.006012651,0.006012651,0.006012651,0.006012651,0.006012651,0.006012651,0.006012651
17,18,0.00175916,0.00175916,0.00175916,0.00175916,0.00175916,0.00175916,0.00175916,0.00175916,0.00175916,0.00175916,0.00175916,0.00175916,0.00175916,0.00175916,0.00175916,0.00175916,0.00175916,0.00175916,0.00175916,0.00175916,0.00175916,0.00175916,0.00175916,0.00175916,0.00175916,0.00175916,0.00175916,0.00175916,0.00175916,0.00175916,0.00175916,0.00175916,0.00175916,0.00175916,0.00175916,0.00175916,0.00175916,0.00175916,0.00175916,0.00175916,0.00175916,0.00175916,0.00175916,0.00175916,0.00175916,0.00175916,0.00175916,0.00175916,0.00175916,0.00175916,0.00175916,0.00175916,0.00175916,0.00175916,0.00175916,0.00175916,0.00175916,0.00175916,0.00175916,0.00175916,0.003229502,0.003229502,0.003229502,0.003229502,0.003229502,0.003229502,0.003229502,0.003229502,0.003229502,0.003229502,0.008874567,0.008874567,0.008874567,0.008874567,0.008874567,0.008874567,0.008874567,0.008874567,0.008874567,0.008874567,0.016790786,0.016790786,0.016790786,0.016790786,0.016790786,0.016790786,0.016790786,0.016790786,0.016790786,0.016790786,0.006012651,0.006012651,0.006012651,0.006012651,0.006012651,0.006012651,0.006012651,0.006012651,0.006012651,0.006012651
18,19,0.00175916,0.00175916,0.00175916,0.00175916,0.00175916,0.00175916,0.00175916,0.00175916,0.00175916,0.00175916,0.00175916,0.00175916,0.00175916,0.00175916,0.00175916,0.00175916,0.00175916,0.00175916,0.00175916,0.00175916,0.00175916,0.00175916,0.00175916,0.00175916,0.00175916,0.00175916,0.00175916,0.00175916,0.00175916,0.00175916,0.00175916,0.00175916,0.00175916,0.00175916,0.00175916,0.00175916,0.00175916,0.00175916,0.00175916,0.00175916,0.00175916,0.00175916,0.00175916,0.00175916,0.00175916,0.00175916,0.00175916,0.00175916,0.00175916,0.00175916,0.00175916,0.00175916,0.00175916,0.00175916,0.00175916,0.00175916,0.00175916,0.00175916,0.00175916,0.00175916,0.003229502,0.003229502,0.003229502,0.003229502,0.003229502,0.003229502,0.003229502,0.003229502,0.003229502,0.003229502,0.008874567,0.008874567,0.008874567,0.008874567,0.008874567,0.008874567,0.008874567,0.008874567,0.008874567,0.008874567,0.016790786,0.016790786,0.016790786,0.016790786,0.016790786,0.016790786,0.016790786,0.016790786,0.016790786,0.016790786,0.006012651,0.006012651,0.006012651,0.006012651,0.006012651,0.006012651,0.006012651,0.006012651,0.006012651,0.006012651
19,20,0.00175916,0.00175916,0.00175916,0.00175916,0.00175916,0.00175916,0.00175916,0.00175916,0.00175916,0.00175916,0.00175916,0.00175916,0.00175916,0.00175916,0.00175916,0.00175916,0.00175916,0.00175916,0.00175916,0.00175916,0.00175916,0.00175916,0.00175916,0.00175916,0.00175916,0.00175916,0.00175916,0.00175916,0.00175916,0.00175916,0.00175916,0.00175916,0.00175916,0.00175916,0.00175916,0.00175916,0.00175916,0.00175916,0.00175916,0.00175916,0.00175916,0.00175916,0.00175916,0.00175916,0.00175916,0.00175916,0.00175916,0.00175916,0.00175916,0.00175916,0.00175916,0.00175916,0.00175916,0.00175916,0.00175916,0.00175916,0.00175916,0.00175916,0.00175916,0.00175916,0.003229502,0.003229502,0.003229502,0.003229502,0.003229502,0.003229502,0.003229502,0.003229502,0.003229502,0.003229502,0.008874567,0.008874567,0.008874567,0.008874567,0.008874567,0.008874567,0.008874567,0.008874567,0.008874567,0.008874567,0.016790786,0.016790786,0.016790786,0.016790786,0.016790786,0.016790786,0.016790786,0.016790786,0.016790786,0.016790786,0.006012651,0.006012651,0.006012651,0.006012651,0.006012651,0.006012651,0.006012651,0.006012651,0.006012651,0.006012651
20,21,0.00175916,0.00175916,0.00175916,0.00175916,0.00175916,0.00175916,0.00175916,0.00175916,0.00175916,0.00175916,0.00175916,0.00175916,0.00175916,0.00175916,0.00175916,0.00175916,0.00175916,0.00175916,0.00175916,0.00175916,0.00175916,0.00175916,0.00175916,0.00175916,0.00175916,0.00175916,0.00175916,0.00175916,0.00175916,0.00175916,0.00175916,0.00175916,0.00175916,0.00175916,0.00175916,0.00175916,0.00175916,0.00175916,0.00175916,0.00175916,0.00175916,0.00175916,0.00175916,0.00175916,0.00175916,0.00175916,0.00175916,0.00175916,0.00175916,0.00175916,0.00175916,0.00175916,0.00175916,0.00175916,0.00175916,0.00175916,0.00175916,0.00175916,0.00175916,0.00175916,0.003229502,0.003229502,0.003229502,0.003229502,0.003229502,0.003229502,0.003229502,0.003229502,0.003229502,0.003229502,0.008874567,0.008874567,0.008874567,0.008874567,0.008874567,0.008874567,0.008874567,0.008874567,0.008874567,0.008874567,0.016790786,0.016790786,0.016790786,0.016790786,0.016790786,0.016790786,0.016790786,0.016790786,0.016790786,0.016790786,0.006012651,0.006012651,0.006012651,0.006012651,0.006012651,0.006012651,0.006012651,0.006012651,0.006012651,0.006012651
21,22,0.00175916,0.00175916,0.00175916,0.00175916,0.00175916,0.00175916,0.00175916,0.00175916,0.00175916,0.00175916,0.00175916,0.00175916,0.00175916,0.00175916,0.00175916,0.00175916,0.00175916,0.00175916,0.00175916,0.00175916,0.00175916,0.00175916,0.00175916,0.00175916,0.00175916,0.00175916,0.00175916,0.00175916,0.00175916,0.00175916,0.00175916,0.00175916,0.00175916,0.00175916,0.00175916,0.00175916,0.00175916,0.00175916,0.00175916,0.00175916,0.00175916,0.00175916,0.00175916,0.00175916,0.00175916,0.00175916,0.00175916,0.00175916,0.00175916,0.00175916,0.00175916,0.00175916,0.00175916,0.00175916,0.00175916,0.00175916,0.00175916,0.00175916,0.00175916,0.00175916,0.003229502,0.003229502,0.003229502,0.003229502,0.003229502,0.003229502,0.003229502,0.003229502,0.003229502,0.003229502,0.008874567,0.008874567,0.008874567,0.008874567,0.008874567,0.008874567,0.008874567,0.008874567,0.008874567,0.008874567,0.016790786,0.016790786,0.016790786,0.016790786,0.016790786,0.016790786,0.016790786,0.016790786,0.016790786,0.016790786,0.006012651,0.006012651,0.006012651,0.006012651,0.006012651,0.006012651,0.006012651,0.006012651,0.006012651,0.006012651
22,23,0.00175916,0.00175916,0.00175916,0.00175916,0.00175916,0.00175916,0.00175916,0.00175916,0.00175916,0.00175916,0.00175916,0.00175916,0.00175916,0.00175916,0.00175916,0.00175916,0.00175916,0.00175916,0.00175916,0.00175916,0.00175916,0.00175916,0.00175916,0.00175916,0.00175916,0.00175916,0.00175916,0.00175916,0.00175916,0.00175916,0.00175916,0.00175916,0.00175916,0.00175916,0.00175916,0.00175916,0.00175916,0.00175916,0.00175916,0.00175916,0.00175916,0.00175916,0.00175916,0.00175916,0.00175916,0.00175916,0.00175916,0.00175916,0.00175916,0.00175916,0.00175916,0.00175916,0.00175916,0.00175916,0.00175916,0.00175916,0.00175916,0.00175916,0.00175916,0.00175916,0.003229502,0.003229502,0.003229502,0.003229502,0.003229502,0.003229502,0.003229502,0.003229502,0.003229502,0.003229502,0.008874567,0.008874567,0.008874567,0.008874567,0.008874567,0.008874567,0.008874567,0.008874567,0.008874567,0.008874567,0.016790786,0.016790786,0.016790786,0.016790786,0.016790786,0.016790786,0.016790786,0.016790786,0.016790786,0.016790786,0.006012651,0.006012651,0.006012651,0.006012651,0.006012651,0.006012651,0.006012651,0.006012651,0.006012651,0.006012651
23,24,0.00175916,0.00175916,0.00175916,0.00175916,0.00175916,0.00175916,0.00175916,0.00175916,0.00175916,0.00175916,0.00175916,0.00175916,0.00175916,0.00175916,0.00175916,0.00175916,0.00175916,0.00175916,0.00175916,0.00175916,0.00175916,0.00175916,0.00175916,0.00175916,0.00175916,0.00175916,0.00175916,0.00175916,0.00175916,0.00175916,0.00175916,0.00175916,0.00175916,0.00175916,0.00175916,0.00175916,0.00175916,0.00175916,0.00175916,0.00175916,0.00175916,0.00175916,0.00175916,0.00175916,0.00175916,0.00175916,0.00175916,0.00175916,0.00175916,0.00175916,0.00175916,0.00175916,0.00175916,0.00175916,0.00175916,0.00175916,0.00175916,0.00175916,0.00175916,0.00175916,0.003229502,0.003229502,0.003229502,0.003229502,0.003229502,0.003229502,0.003229502,0.003229502,0.003229502,0.003229502,0.008874567,0.008874567,0.008874567,0.008874567,0.008874567,0.008874567,0.008874567,0.008874567,0.008874567,0.008874567,0.016790786,0.016790786,0.016790786,0.016790786,0.016790786,0.016790786,0.016790786,0.016790786,0.016790786,0.016790786,0.006012651,0.006012651,0.006012651,0.006012651,0.006012651,0.006012651,0.006012651,0.006012651,0.006012651,0.006012651
24,25,0.001172773,0.001172773,0.001172773,0.001172773,0.001172773,0.001172773,0.001172773,0.001172773,0.001172773,0.001172773,0.001172773,0.001172773,0.001172773,0.001172773,0.001172773,0.001172773,0.001172773,0.001172773,0.001172773,0.001172773,0.001172773,0.001172773,0.001172773,0.001172773,0.001172773,0.001172773,0.001172773,0.001172773,0.001172773,0.001172773,0.001172773,0.001172773,0.001172773,0.001172773,0.001172773,0.001172773,0.001172773,0.001172773,0.001172773,0.001172773,0.001172773,0.001172773,0.001172773,0.001172773,0.001172773,0.001172773,0.001172773,0.001172773,0.001172773,0.001172773,0.001172773,0.001172773,0.001172773,0.001172773,0.001172773,0.001172773,0.001172773,0.001172773,0.001172773,0.001172773,0.002153002,0.002153002,0.002153002,0.002153002,0.002153002,0.002153002,0.002153002,0.002153002,0.002153002,0.002153002,0.005916378,0.005916378,0.005916378,0.005916378,0.005916378,0.005916378,0.005916378,0.005916378,0.005916378,0.005916378,0.011193858,0.011193858,0.011193858,0.011193858,0.011193858,0.011193858,0.011193858,0.011193858,0.011193858,0.011193858,0.004008434,0.004008434,0.004008434,0.004008434,0.004008434,0.004008434,0.004008434,0.004008434,0.004008434,0.004008434
25,26,0.001172773,0.001172773,0.001172773,0.001172773,0.001172773,0.001172773,0.001172773,0.001172773,0.001172773,0.001172773,0.001172773,0.001172773,0.001172773,0.001172773,0.001172773,0.001172773,0.001172773,0.001172773,0.001172773,0.001172773,0.001172773,0.001172773,0.001172773,0.001172773,0.001172773,0.001172773,0.001172773,0.001172773,0.001172773,0.001172773,0.001172773,0.001172773,0.001172773,0.001172773,0.001172773,0.001172773,0.001172773,0.001172773,0.001172773,0.001172773,0.001172773,0.001172773,0.001172773,0.001172773,0.001172773,0.001172773,0.001172773,0.001172773,0.001172773,0.001172773,0.001172773,0.001172773,0.001172773,0.001172773,0.001172773,0.001172773,0.001172773,0.001172773,0.001172773,0.001172773,0.002153002,0.002153002,0.002153002,0.002153002,0.002153002,0.002153002,0.002153002,0.002153002,0.002153002,0.002153002,0.005916378,0.005916378,0.005916378,0.005916378,0.005916378,0.005916378,0.005916378,0.005916378,0.005916378,0.005916378,0.011193858,0.011193858,0.011193858,0.011193858,0.011193858,0.011193858,0.011193858,0.011193858,0.011193858,0.011193858,0.004008434,0.004008434,0.004008434,0.004008434,0.004008434,0.004008434,0.004008434,0.004008434,0.004008434,0.004008434
26,27,0.001172773,0.001172773,0.001172773,0.001172773,0.001172773,0.001172773,0.001172773,0.001172773,0.001172773,0.001172773,0.001172773,0.001172773,0.001172773,0.001172773,0.001172773,0.001172773,0.001172773,0.001172773,0.001172773,0.001172773,0.001172773,0.001172773,0.001172773,0.001172773,0.001172773,0.001172773,0.001172773,0.001172773,0.001172773,0.001172773,0.001172773,0.001172773,0.001172773,0.001172773,0.001172773,0.001172773,0.001172773,0.001172773,0.001172773,0.001172773,0.001172773,0.001172773,0.001172773,0.001172773,0.001172773,0.001172773,0.001172773,0.001172773,0.001172773,0.001172773,0.001172773,0.001172773,0.001172773,0.001172773,0.001172773,0.001172773,0.001172773,0.001172773,0.001172773,0.001172773,0.002153002,0.002153002,0.002153002,0.002153002,0.002153002,0.002153002,0.002153002,0.002153002,0.002153002,0.002153002,0.005916378,0.005916378,0.005916378,0.005916378,0.005916378,0.005916378,0.005916378,0.005916378,0.005916378,0.005916378,0.011193858,0.011193858,0.011193858,0.011193858,0.011193858,0.011193858,0.011193858,0.011193858,0.011193858,0.011193858,0.004008434,0.004008434,0.004008434,0.004008434,0.004008434,0.004008434,0.004008434,0.004008434,0.004008434,0.004008434
27,28,0.001172773,0.001172773,0.001172773,0.001172773,0.001172773,0.001172773,0.001172773,0.001172773,0.001172773,0.001172773,0.001172773,0.001172773,0.001172773,0.001172773,0.001172773,0.001172773,0.001172773,0.001172773,0.001172773,0.001172773,0.001172773,0.001172773,0.001172773,0.001172773,0.001172773,0.001172773,0.001172773,0.001172773,0.001172773,0.001172773,0.001172773,0.001172773,0.001172773,0.001172773,0.001172773,0.001172773,0.001172773,0.001172773,0.001172773,0.001172773,0.001172773,0.001172773,0.001172773,0.001172773,0.001172773,0.001172773,0.001172773,0.001172773,0.001172773,0.001172773,0.001172773,0.001172773,0.001172773,0.001172773,0.001172773,0.001172773,0.001172773,0.001172773,0.001172773,0.001172773,0.002153002,0.002153002,0.002153002,0.002153002,0.002153002,0.002153002,0.002153002,0.002153002,0.002153002,0.002153002,0.005916378,0.005916378,0.005916378,0.005916378,0.005916378,0.005916378,0.005916378,0.005916378,0.005916378,0.005916378,0.011193858,0.011193858,0.011193858,0.011193858,0.011193858,0.011193858,0.011193858,0.011193858,0.011193858,0.011193858,0.004008434,0.004008434,0.004008434,0.004008434,0.004008434,0.004008434,0.004008434,0.004008434,0.004008434,0.004008434
28,29,0.001172773,0.001172773,0.001172773,0.001172773,0.001172773,0.001172773,0.001172773,0.001172773,0.001172773,0.001172773,0.001172773,0.001172773,0.001172773,0.001172773,0.001172773,0.001172773,0.001172773,0.001172773,0.001172773,0.001172773,0.001172773,0.001172773,0.001172773,0.001172773,0.001172773,0.001172773,0.001172773,0.001172773,0.001172773,0.001172773,0.001172773,0.001172773,0.001172773,0.001172773,0.001172773,0.001172773,0.001172773,0.001172773,0.001172773,0.001172773,0.001172773,0.001172773,0.001172773,0.001172773,0.001172773,0.001172773,0.001172773,0.001172773,0.001172773,0.001172773,0.001172773,0.001172773,0.001172773,0.001172773,0.001172773,0.001172773,0.001172773,0.001172773,0.001172773,0.001172773,0.002153002,0.002153002,0.002153002,0.002153002,0.002153002,0.002153002,0.002153002,0.002153002,0.002153002,0.002153002,0.005916378,0.005916378,0.005916378,0.005916378,0.005916378,0.005916378,0.005916378,0.005916378,0.005916378,0.005916378,0.011193858,0.011193858,0.011193858,0.011193858,0.011193858,0.011193858,0.011193858,0.011193858,0.011193858,0.011193858,0.004008434,0.004008434,0.004008434,0.004008434,0.004008434,0.004008434,0.004008434,0.004008434,0.004008434,0.004008434
29,30,0.001172773,0.001172773,0.001172773,0.001172773,0.001172773,0.001172773,0.001172773,0.001172773,0.001172773,0.001172773,0.001172773,0.001172773,0.001172773,0.001172773,0.001172773,0.001172773,0.001172773,0.001172773,0.001172773,0.001172773,0.001172773,0.001172773,0.001172773,0.001172773,0.001172773,0.001172773,0.001172773,0.001172773,0.001172773,0.001172773,0.001172773,0.001172773,0.001172773,0.001172773,0.001172773,0.001172773,0.001172773,0.001172773,0.001172773,0.001172773,0.001172773,0.001172773,0.001172773,0.001172773,0.001172773,0.001172773,0.001172773,0.001172773,0.001172773,0.001172773,0.001172773,0.001172773,0.001172773,0.001172773,0.001172773,0.001172773,0.001172773,0.001172773,0.001172773,0.001172773,0.002153002,0.002153002,0.002153002,0.002153002,0.002153002,0.002153002,0.002153002,0.002153002,0.002153002,0.002153002,0.005916378,0.005916378,0.005916378,0.005916378,0.005916378,0.005916378,0.005916378,0.005916378,0.005916378,0.005916378,0.011193858,0.011193858,0.011193858,0.011193858,0.011193858,0.011193858,0.011193858,0.011193858,0.011193858,0.011193858,0.004008434,0.004008434,0.004008434,0.004008434,0.004008434,0.004008434,0.004008434,0.004008434,0.004008434,0.004008434
30,31,0.001172773,0.001172773,0.001172773,0.001172773,0.001172773,0.001172773,0.001172773,0.001172773,0.001172773,0.001172773,0.001172773,0.001172773,0.001172773,0.001172773,0.001172773,0.001172773,0.001172773,0.001172773,0.001172773,0.001172773,0.001172773,0.001172773,0.001172773,0.001172773,0.001172773,0.001172773,0.001172773,0.001172773,0.001172773,0.001172773,0.001172773,0.001172773,0.001172773,0.001172773,0.001172773,0.001172773,0.001172773,0.001172773,0.001172773,0.001172773,0.001172773,0.001172773,0.001172773,0.001172773,0.001172773,0.001172773,0.001172773,0.001172773,0.001172773,0.001172773,0.001172773,0.001172773,0.001172773,0.001172773,0.001172773,0.001172773,0.001172773,0.001172773,0.001172773,0.001172773,0.002153002,0.002153002,0.002153002,0.002153002,0.002153002,0.002153002,0.002153002,0.002153002,0.002153002,0.002153002,0.005916378,0.005916378,0.005916378,0.005916378,0.005916378,0.005916378,0.005916378,0.005916378,0.005916378,0.005916378,0.011193858,0.011193858,0.011193858,0.011193858,0.011193858,0.011193858,0.011193858,0.011193858,0.011193858,0.011193858,0.004008434,0.004008434,0.004008434,0.004008434,0.004008434,0.004008434,0.004008434,0.004008434,0.004008434,0.004008434
31,32,0.001172773,0.001172773,0.001172773,0.001172773,0.001172773,0.001172773,0.001172773,0.001172773,0.001172773,0.001172773,0.001172773,0.001172773,0.001172773,0.001172773,0.001172773,0.001172773,0.001172773,0.001172773,0.001172773,0.001172773,0.001172773,0.001172773,0.001172773,0.001172773,0.001172773,0.001172773,0.001172773,0.001172773,0.001172773,0.001172773,0.001172773,0.001172773,0.001172773,0.001172773,0.001172773,0.001172773,0.001172773,0.001172773,0.001172773,0.001172773,0.001172773,0.001172773,0.001172773,0.001172773,0.001172773,0.001172773,0.001172773,0.001172773,0.001172773,0.001172773,0.001172773,0.001172773,0.001172773,0.001172773,0.001172773,0.001172773,0.001172773,0.001172773,0.001172773,0.001172773,0.002153002,0.002153002,0.002153002,0.002153002,0.002153002,0.002153002,0.002153002,0.002153002,0.002153002,0.002153002,0.005916378,0.005916378,0.005916378,0.005916378,0.005916378,0.005916378,0.005916378,0.005916378,0.005916378,0.005916378,0.011193858,0.011193858,0.011193858,0.011193858,0.011193858,0.011193858,0.011193858,0.011193858,0.011193858,0.011193858,0.004008434,0.004008434,0.004008434,0.004008434,0.004008434,0.004008434,0.004008434,0.004008434,0.004008434,0.004008434
32,33,0.001172773,0.001172773,0.001172773,0.001172773,0.001172773,0.001172773,0.001172773,0.001172773,0.001172773,0.001172773,0.001172773,0.001172773,0.001172773,0.001172773,0.001172773,0.001172773,0.001172773,0.001172773,0.001172773,0.001172773,0.001172773,0.001172773,0.001172773,0.001172773,0.001172773,0.001172773,0.001172773,0.001172773,0.001172773,0.001172773,0.001172773,0.001172773,0.001172773,0.001172773,0.001172773,0.001172773,0.001172773,0.001172773,0.001172773,0.001172773,0.001172773,0.001172773,0.001172773,0.001172773,0.001172773,0.001172773,0.001172773,0.001172773,0.001172773,0.001172773,0.001172773,0.001172773,0.001172773,0.001172773,0.001172773,0.001172773,0.001172773,0.001172773,0.001172773,0.001172773,0.002153002,0.002153002,0.002153002,0.002153002,0.002153002,0.002153002,0.002153002,0.002153002,0.002153002,0.002153002,0.005916378,0.005916378,0.005916378,0.005916378,0.005916378,0.005916378,0.005916378,0.005916378,0.005916378,0.005916378,0.011193858,0.011193858,0.011193858,0.011193858,0.011193858,0.011193858,0.011193858,0.011193858,0.011193858,0.011193858,0.004008434,0.004008434,0.004008434,0.004008434,0.004008434,0.004008434,0.004008434,0.004008434,0.004008434,0.004008434
33,34,0.001172773,0.001172773,0.001172773,0.001172773,0.001172773,0.001172773,0.001172773,0.001172773,0.001172773,0.001172773,0.001172773,0.001172773,0.001172773,0.001172773,0.001172773,0.001172773,0.001172773,0.001172773,0.001172773,0.001172773,0.001172773,0.001172773,0.001172773,0.001172773,0.001172773,0.001172773,0.001172773,0.001172773,0.001172773,0.001172773,0.001172773,0.001172773,0.001172773,0.001172773,0.001172773,0.001172773,0.001172773,0.001172773,0.001172773,0.001172773,0.001172773,0.001172773,0.001172773,0.001172773,0.001172773,0.001172773,0.001172773,0.001172773,0.001172773,0.001172773,0.001172773,0.001172773,0.001172773,0.001172773,0.001172773,0.001172773,0.001172773,0.001172773,0.001172773,0.001172773,0.002153002,0.002153002,0.002153002,0.002153002,0.002153002,0.002153002,0.002153002,0.002153002,0.002153002,0.002153002,0.005916378,0.005916378,0.005916378,0.005916378,0.005916378,0.005916378,0.005916378,0.005916378,0.005916378,0.005916378,0.011193858,0.011193858,0.011193858,0.011193858,0.011193858,0.011193858,0.011193858,0.011193858,0.011193858,0.011193858,0.004008434,0.004008434,0.004008434,0.004008434,0.004008434,0.004008434,0.004008434,0.004008434,0.004008434,0.004008434
34,35,0.001172773,0.001172773,0.001172773,0.001172773,0.001172773,0.001172773,0.001172773,0.001172773,0.001172773,0.001172773,0.001172773,0.001172773,0.001172773,0.001172773,0.001172773,0.001172773,0.001172773,0.001172773,0.001172773,0.001172773,0.001172773,0.001172773,0.001172773,0.001172773,0.001172773,0.001172773,0.001172773,0.001172773,0.001172773,0.001172773,0.001172773,0.001172773,0.001172773,0.001172773,0.001172773,0.001172773,0.001172773,0.001172773,0.001172773,0.001172773,0.001172773,0.001172773,0.001172773,0.001172773,0.001172773,0.001172773,0.001172773,0.001172773,0.001172773,0.001172773,0.001172773,0.001172773,0.001172773,0.001172773,0.001172773,0.001172773,0.001172773,0.001172773,0.001172773,0.001172773,0.002153002,0.002153002,0.002153002,0.002153002,0.002153002,0.002153002,0.002153002,0.002153002,0.002153002,0.002153002,0.005916378,0.005916378,0.005916378,0.005916378,0.005916378,0.005916378,0.005916378,0.005916378,0.005916378,0.005916378,0.011193858,0.011193858,0.011193858,0.011193858,0.011193858,0.011193858,0.011193858,0.011193858,0.011193858,0.011193858,0.004008434,0.004008434,0.004008434,0.004008434,0.004008434,0.004008434,0.004008434,0.004008434,0.004008434,0.004008434
35,36,0.001172773,0.001172773,0.001172773,0.001172773,0.001172773,0.001172773,0.001172773,0.001172773,0.001172773,0.001172773,0.001172773,0.001172773,0.001172773,0.001172773,0.001172773,0.001172773,0.001172773,0.001172773,0.001172773,0.001172773,0.001172773,0.001172773,0.001172773,0.001172773,0.001172773,0.001172773,0.001172773,0.001172773,0.001172773,0.001172773,0.001172773,0.001172773,0.001172773,0.001172773,0.001172773,0.001172773,0.001172773,0.001172773,0.001172773,0.001172773,0.001172773,0.001172773,0.001172773,0.001172773,0.001172773,0.001172773,0.001172773,0.001172773,0.001172773,0.001172773,0.001172773,0.001172773,0.001172773,0.001172773,0.001172773,0.001172773,0.001172773,0.001172773,0.001172773,0.001172773,0.002153002,0.002153002,0.002153002,0.002153002,0.002153002,0.002153002,0.002153002,0.002153002,0.002153002,0.002153002,0.005916378,0.005916378,0.005916378,0.005916378,0.005916378,0.005916378,0.005916378,0.005916378,0.005916378,0.005916378,0.011193858,0.011193858,0.011193858,0.011193858,0.011193858,0.011193858,0.011193858,0.011193858,0.011193858,0.011193858,0.004008434,0.004008434,0.004008434,0.004008434,0.004008434,0.004008434,0.004008434,0.004008434,0.004008434,0.004008434
36,37,0.001172773,0.001172773,0.001172773,0.001172773,0.001172773,0.001172773,0.001172773,0.001172773,0.001172773,0.001172773,0.001172773,0.001172773,0.001172773,0.001172773,0.001172773,0.001172773,0.001172773,0.001172773,0.001172773,0.001172773,0.001172773,0.001172773,0.001172773,0.001172773,0.001172773,0.001172773,0.001172773,0.001172773,0.001172773,0.001172773,0.001172773,0.001172773,0.001172773,0.001172773,0.001172773,0.001172773,0.001172773,0.001172773,0.001172773,0.001172773,0.001172773,0.001172773,0.001172773,0.001172773,0.001172773,0.001172773,0.001172773,0.001172773,0.001172773,0.001172773,0.001172773,0.001172773,0.001172773,0.001172773,0.001172773,0.001172773,0.001172773,0.001172773,0.001172773,0.001172773,0.002153002,0.002153002,0.002153002,0.002153002,0.002153002,0.002153002,0.002153002,0.002153002,0.002153002,0.002153002,0.005916378,0.005916378,0.005916378,0.005916378,0.005916378,0.005916378,0.005916378,0.005916378,0.005916378,0.005916378,0.011193858,0.011193858,0.011193858,0.011193858,0.011193858,0.011193858,0.011193858,0.011193858,0.011193858,0.011193858,0.004008434,0.004008434,0.004008434,0.004008434,0.004008434,0.004008434,0.004008434,0.004008434,0.004008434,0.004008434
37,38,0.001172773,0.001172773,0.001172773,0.001172773,0.001172773,0.001172773,0.001172773,0.001172773,0.001172773,0.001172773,0.001172773,0.001172773,0.001172773,0.001172773,0.001172773,0.001172773,0.001172773,0.001172773,0.001172773,0.001172773,0.001172773,0.001172773,0.001172773,0.001172773,0.001172773,0.001172773,0.001172773,0.001172773,0.001172773,0.001172773,0.001172773,0.001172773,0.001172773,0.001172773,0.001172773,0.001172773,0.001172773,0.001172773,0.001172773,0.001172773,0.001172773,0.001172773,0.001172773,0.001172773,0.001172773,0.001172773,0.001172773,0.001172773,0.001172773,0.001172773,0.001172773,0.001172773,0.001172773,0.001172773,0.001172773,0.001172773,0.001172773,0.001172773,0.001172773,0.001172773,0.002153002,0.002153002,0.002153002,0.002153002,0.002153002,0.002153002,0.002153002,0.002153002,0.002153002,0.002153002,0.005916378,0.005916378,0.005916378,0.005916378,0.005916378,0.005916378,0.005916378,0.005916378,0.005916378,0.005916378,0.011193858,0.011193858,0.011193858,0.011193858,0.011193858,0.011193858,0.011193858,0.011193858,0.011193858,0.011193858,0.004008434,0.004008434,0.004008434,0.004008434,0.004008434,0.004008434,0.004008434,0.004008434,0.004008434,0.004008434
38,39,0.001172773,0.001172773,0.001172773,0.001172773,0.001172773,0.001172773,0.001172773,0.001172773,0.001172773,0.001172773,0.001172773,0.001172773,0.001172773,0.001172773,0.001172773,0.001172773,0.001172773,0.001172773,0.001172773,0.001172773,0.001172773,0.001172773,0.001172773,0.001172773,0.001172773,0.001172773,0.001172773,0.001172773,0.001172773,0.001172773,0.001172773,0.001172773,0.001172773,0.001172773,0.001172773,0.001172773,0.001172773,0.001172773,0.001172773,0.001172773,0.001172773,0.001172773,0.001172773,0.001172773,0.001172773,0.001172773,0.001172773,0.001172773,0.001172773,0.001172773,0.001172773,0.001172773,0.001172773,0.001172773,0.001172773,0.001172773,0.001172773,0.001172773,0.001172773,0.001172773,0.002153002,0.002153002,0.002153002,0.002153002,0.002153002,0.002153002,0.002153002,0.002153002,0.002153002,0.002153002,0.005916378,0.005916378,0.005916378,0.005916378,0.005916378,0.005916378,0.005916378,0.005916378,0.005916378,0.005916378,0.011193858,0.011193858,0.011193858,0.011193858,0.011193858,0.011193858,0.011193858,0.011193858,0.011193858,0.011193858,0.004008434,0.004008434,0.004008434,0.004008434,0.004008434,0.004008434,0.004008434,0.004008434,0.004008434,0.004008434
39,40,0.001172773,0.001172773,0.001172773,0.001172773,0.001172773,0.001172773,0.001172773,0.001172773,0.001172773,0.001172773,0.001172773,0.001172773,0.001172773,0.001172773,0.001172773,0.001172773,0.001172773,0.001172773,0.001172773,0.001172773,0.001172773,0.001172773,0.001172773,0.001172773,0.001172773,0.001172773,0.001172773,0.001172773,0.001172773,0.001172773,0.001172773,0.001172773,0.001172773,0.001172773,0.001172773,0.001172773,0.001172773,0.001172773,0.001172773,0.001172773,0.001172773,0.001172773,0.001172773,0.001172773,0.001172773,0.001172773,0.001172773,0.001172773,0.001172773,0.001172773,0.001172773,0.001172773,0.001172773,0.001172773,0.001172773,0.001172773,0.001172773,0.001172773,0.001172773,0.001172773,0.002153002,0.002153002,0.002153002,0.002153002,0.002153002,0.002153002,0.002153002,0.002153002,0.002153002,0.002153002,0.005916378,0.005916378,0.005916378,0.005916378,0.005916378,0.005916378,0.005916378,0.005916378,0.005916378,0.005916378,0.011193858,0.011193858,0.011193858,0.011193858,0.011193858,0.011193858,0.011193858,0.011193858,0.011193858,0.011193858,0.004008434,0.004008434,0.004008434,0.004008434,0.004008434,0.004008434,0.004008434,0.004008434,0.004008434,0.004008434
40,41,0.001172773,0.001172773,0.001172773,0.001172773,0.001172773,0.001172773,0.001172773,0.001172773,0.001172773,0.001172773,0.001172773,0.001172773,0.001172773,0.001172773,0.001172773,0.001172773,0.001172773,0.001172773,0.001172773,0.001172773,0.001172773,0.001172773,0.001172773,0.001172773,0.001172773,0.001172773,0.001172773,0.001172773,0.001172773,0.001172773,0.001172773,0.001172773,0.001172773,0.001172773,0.001172773,0.001172773,0.001172773,0.001172773,0.001172773,0.001172773,0.001172773,0.001172773,0.001172773,0.001172773,0.001172773,0.001172773,0.001172773,0.001172773,0.001172773,0.001172773,0.001172773,0.001172773,0.001172773,0.001172773,0.001172773,0.001172773,0.001172773,0.001172773,0.001172773,0.001172773,0.002153002,0.002153002,0.002153002,0.002153002,0.002153002,0.002153002,0.002153002,0.002153002,0.002153002,0.002153002,0.005916378,0.005916378,0.005916378,0.005916378,0.005916378,0.005916378,0.005916378,0.005916378,0.005916378,0.005916378,0.011193858,0.011193858,0.011193858,0.011193858,0.011193858,0.011193858,0.011193858,0.011193858,0.011193858,0.011193858,0.004008434,0.004008434,0.004008434,0.004008434,0.004008434,0.004008434,0.004008434,0.004008434,0.004008434,0.004008434
41,42,0.001172773,0.001172773,0.001172773,0.001172773,0.001172773,0.001172773,0.001172773,0.001172773,0.001172773,0.001172773,0.001172773,0.001172773,0.001172773,0.001172773,0.001172773,0.001172773,0.001172773,0.001172773,0.001172773,0.001172773,0.001172773,0.001172773,0.001172773,0.001172773,0.001172773,0.001172773,0.001172773,0.001172773,0.001172773,0.001172773,0.001172773,0.001172773,0.001172773,0.001172773,0.001172773,0.001172773,0.001172773,0.001172773,0.001172773,0.001172773,0.001172773,0.001172773,0.001172773,0.001172773,0.001172773,0.001172773,0.001172773,0.001172773,0.001172773,0.001172773,0.001172773,0.001172773,0.001172773,0.001172773,0.001172773,0.001172773,0.001172773,0.001172773,0.001172773,0.001172773,0.002153002,0.002153002,0.002153002,0.002153002,0.002153002,0.002153002,0.002153002,0.002153002,0.002153002,0.002153002,0.005916378,0.005916378,0.005916378,0.005916378,0.005916378,0.005916378,0.005916378,0.005916378,0.005916378,0.005916378,0.011193858,0.011193858,0.011193858,0.011193858,0.011193858,0.011193858,0.011193858,0.011193858,0.011193858,0.011193858,0.004008434,0.004008434,0.004008434,0.004008434,0.004008434,0.004008434,0.004008434,0.004008434,0.004008434,0.004008434
42,43,0.001172773,0.001172773,0.001172773,0.001172773,0.001172773,0.001172773,0.001172773,0.001172773,0.001172773,0.001172773,0.001172773,0.001172773,0.001172773,0.001172773,0.001172773,0.001172773,0.001172773,0.001172773,0.001172773,0.001172773,0.001172773,0.001172773,0.001172773,0.001172773,0.001172773,0.001172773,0.001172773,0.001172773,0.001172773,0.001172773,0.001172773,0.001172773,0.001172773,0.001172773,0.001172773,0.001172773,0.001172773,0.001172773,0.001172773,0.001172773,0.001172773,0.001172773,0.001172773,0.001172773,0.001172773,0.001172773,0.001172773,0.001172773,0.001172773,0.001172773,0.001172773,0.001172773,0.001172773,0.001172773,0.001172773,0.001172773,0.001172773,0.001172773,0.001172773,0.001172773,0.002153002,0.002153002,0.002153002,0.002153002,0.002153002,0.002153002,0.002153002,0.002153002,0.002153002,0.002153002,0.005916378,0.005916378,0.005916378,0.005916378,0.005916378,0.005916378,0.005916378,0.005916378,0.005916378,0.005916378,0.011193858,0.011193858,0.011193858,0.011193858,0.011193858,0.011193858,0.011193858,0.011193858,0.011193858,0.011193858,0.004008434,0.004008434,0.004008434,0.004008434,0.004008434,0.004008434,0.004008434,0.004008434,0.004008434,0.004008434
43,44,0.001172773,0.001172773,0.001172773,0.001172773,0.001172773,0.001172773,0.001172773,0.001172773,0.001172773,0.001172773,0.001172773,0.001172773,0.001172773,0.001172773,0.001172773,0.001172773,0.001172773,0.001172773,0.001172773,0.001172773,0.001172773,0.001172773,0.001172773,0.001172773,0.001172773,0.001172773,0.001172773,0.001172773,0.001172773,0.001172773,0.001172773,0.001172773,0.001172773,0.001172773,0.001172773,0.001172773,0.001172773,0.001172773,0.001172773,0.001172773,0.001172773,0.001172773,0.001172773,0.001172773,0.001172773,0.001172773,0.001172773,0.001172773,0.001172773,0.001172773,0.001172773,0.001172773,0.001172773,0.001172773,0.001172773,0.001172773,0.001172773,0.001172773,0.001172773,0.001172773,0.002153002,0.002153002,0.002153002,0.002153002,0.002153002,0.002153002,0.002153002,0.002153002,0.002153002,0.002153002,0.005916378,0.005916378,0.005916378,0.005916378,0.005916378,0.005916378,0.005916378,0.005916378,0.005916378,0.005916378,0.011193858,0.011193858,0.011193858,0.011193858,0.011193858,0.011193858,0.011193858,0.011193858,0.011193858,0.011193858,0.004008434,0.004008434,0.004008434,0.004008434,0.004008434,0.004008434,0.004008434,0.004008434,0.004008434,0.004008434
44,45,0.001172773,0.001172773,0.001172773,0.001172773,0.001172773,0.001172773,0.001172773,0.001172773,0.001172773,0.001172773,0.001172773,0.001172773,0.001172773,0.001172773,0.001172773,0.001172773,0.001172773,0.001172773,0.001172773,0.001172773,0.001172773,0.001172773,0.001172773,0.001172773,0.001172773,0.001172773,0.001172773,0.001172773,0.001172773,0.001172773,0.001172773,0.001172773,0.001172773,0.001172773,0.001172773,0.001172773,0.001172773,0.001172773,0.001172773,0.001172773,0.001172773,0.001172773,0.001172773,0.001172773,0.001172773,0.001172773,0.001172773,0.001172773,0.001172773,0.001172773,0.001172773,0.001172773,0.001172773,0.001172773,0.001172773,0.001172773,0.001172773,0.001172773,0.001172773,0.001172773,0.002153002,0.002153002,0.002153002,0.002153002,0.002153002,0.002153002,0.002153002,0.002153002,0.002153002,0.002153002,0.005916378,0.005916378,0.005916378,0.005916378,0.005916378,0.005916378,0.005916378,0.005916378,0.005916378,0.005916378,0.011193858,0.011193858,0.011193858,0.011193858,0.011193858,0.011193858,0.011193858,0.011193858,0.011193858,0.011193858,0.004008434,0.004008434,0.004008434,0.004008434,0.004008434,0.004008434,0.004008434,0.004008434,0.004008434,0.004008434
45,46,0.001172773,0.001172773,0.001172773,0.001172773,0.001172773,0.001172773,0.001172773,0.001172773,0.001172773,0.001172773,0.001172773,0.001172773,0.001172773,0.001172773,0.001172773,0.001172773,0.001172773,0.001172773,0.001172773,0.001172773,0.001172773,0.001172773,0.001172773,0.001172773,0.001172773,0.001172773,0.001172773,0.001172773,0.001172773,0.001172773,0.001172773,0.001172773,0.001172773,0.001172773,0.001172773,0.001172773,0.001172773,0.001172773,0.001172773,0.001172773,0.001172773,0.001172773,0.001172773,0.001172773,0.001172773,0.001172773,0.001172773,0.001172773,0.001172773,0.001172773,0.001172773,0.001172773,0.001172773,0.001172773,0.001172773,0.001172773,0.001172773,0.001172773,0.001172773,0.001172773,0.002153002,0.002153002,0.002153002,0.002153002,0.002153002,0.002153002,0.002153002,0.002153002,0.002153002,0.002153002,0.005916378,0.005916378,0.005916378,0.005916378,0.005916378,0.005916378,0.005916378,0.005916378,0.005916378,0.005916378,0.011193858,0.011193858,0.011193858,0.011193858,0.011193858,0.011193858,0.011193858,0.011193858,0.011193858,0.011193858,0.004008434,0.004008434,0.004008434,0.004008434,0.004008434,0.004008434,0.004008434,0.004008434,0.004008434,0.004008434
46,47,0.001172773,0.001172773,0.001172773,0.001172773,0.001172773,0.001172773,0.001172773,0.001172773,0.001172773,0.001172773,0.001172773,0.001172773,0.001172773,0.001172773,0.001172773,0.001172773,0.001172773,0.001172773,0.001172773,0.001172773,0.001172773,0.001172773,0.001172773,0.001172773,0.001172773,0.001172773,0.001172773,0.001172773,0.001172773,0.001172773,0.001172773,0.001172773,0.001172773,0.001172773,0.001172773,0.001172773,0.001172773,0.001172773,0.001172773,0.001172773,0.001172773,0.001172773,0.001172773,0.001172773,0.001172773,0.001172773,0.001172773,0.001172773,0.001172773,0.001172773,0.001172773,0.001172773,0.001172773,0.001172773,0.001172773,0.001172773,0.001172773,0.001172773,0.001172773,0.001172773,0.002153002,0.002153002,0.002153002,0.002153002,0.002153002,0.002153002,0.002153002,0.002153002,0.002153002,0.002153002,0.005916378,0.005916378,0.005916378,0.005916378,0.005916378,0.005916378,0.005916378,0.005916378,0.005916378,0.005916378,0.011193858,0.011193858,0.011193858,0.011193858,0.011193858,0.011193858,0.011193858,0.011193858,0.011193858,0.011193858,0.004008434,0.004008434,0.004008434,0.004008434,0.004008434,0.004008434,0.004008434,0.004008434,0.004008434,0.004008434
47,48,0.001172773,0.001172773,0.001172773,0.001172773,0.001172773,0.001172773,0.001172773,0.001172773,0.001172773,0.001172773,0.001172773,0.001172773,0.001172773,0.001172773,0.001172773,0.001172773,0.001172773,0.001172773,0.001172773,0.001172773,0.001172773,0.001172773,0.001172773,0.001172773,0.001172773,0.001172773,0.001172773,0.001172773,0.001172773,0.001172773,0.001172773,0.001172773,0.001172773,0.001172773,0.001172773,0.001172773,0.001172773,0.001172773,0.001172773,0.001172773,0.001172773,0.001172773,0.001172773,0.001172773,0.001172773,0.001172773,0.001172773,0.001172773,0.001172773,0.001172773,0.001172773,0.001172773,0.001172773,0.001172773,0.001172773,0.001172773,0.001172773,0.001172773,0.001172773,0.001172773,0.002153002,0.002153002,0.002153002,0.002153002,0.002153002,0.002153002,0.002153002,0.002153002,0.002153002,0.002153002,0.005916378,0.005916378,0.005916378,0.005916378,0.005916378,0.005916378,0.005916378,0.005916378,0.005916378,0.005916378,0.011193858,0.011193858,0.011193858,0.011193858,0.011193858,0.011193858,0.011193858,0.011193858,0.011193858,0.011193858,0.004008434,0.004008434,0.004008434,0.004008434,0.004008434,0.004008434,0.004008434,0.004008434,0.004008434,0.004008434
48,49,0.000586387,0.000586387,0.000586387,0.000586387,0.000586387,0.000586387,0.000586387,0.000586387,0.000586387,0.000586387,0.000586387,0.000586387,0.000586387,0.000586387,0.000586387,0.000586387,0.000586387,0.000586387,0.000586387,0.000586387,0.000586387,0.000586387,0.000586387,0.000586387,0.000586387,0.000586387,0.000586387,0.000586387,0.000586387,0.000586387,0.000586387,0.000586387,0.000586387,0.000586387,0.000586387,0.000586387,0.000586387,0.000586387,0.000586387,0.000586387,0.000586387,0.000586387,0.000586387,0.000586387,0.000586387,0.000586387,0.000586387,0.000586387,0.000586387,0.000586387,0.000586387,0.000586387,0.000586387,0.000586387,0.000586387,0.000586387,0.000586387,0.000586387,0.000586387,0.000586387,0.001076501,0.001076501,0.001076501,0.001076501,0.001076501,0.001076501,0.001076501,0.001076501,0.001076501,0.001076501,0.002958189,0.002958189,0.002958189,0.002958189,0.002958189,0.002958189,0.002958189,0.002958189,0.002958189,0.002958189,0.005596929,0.005596929,0.005596929,0.005596929,0.005596929,0.005596929,0.005596929,0.005596929,0.005596929,0.005596929,0.002004217,0.002004217,0.002004217,0.002004217,0.002004217,0.002004217,0.002004217,0.002004217,0.002004217,0.002004217
49,50,0.000586387,0.000586387,0.000586387,0.000586387,0.000586387,0.000586387,0.000586387,0.000586387,0.000586387,0.000586387,0.000586387,0.000586387,0.000586387,0.000586387,0.000586387,0.000586387,0.000586387,0.000586387,0.000586387,0.000586387,0.000586387,0.000586387,0.000586387,0.000586387,0.000586387,0.000586387,0.000586387,0.000586387,0.000586387,0.000586387,0.000586387,0.000586387,0.000586387,0.000586387,0.000586387,0.000586387,0.000586387,0.000586387,0.000586387,0.000586387,0.000586387,0.000586387,0.000586387,0.000586387,0.000586387,0.000586387,0.000586387,0.000586387,0.000586387,0.000586387,0.000586387,0.000586387,0.000586387,0.000586387,0.000586387,0.000586387,0.000586387,0.000586387,0.000586387,0.000586387,0.001076501,0.001076501,0.001076501,0.001076501,0.001076501,0.001076501,0.001076501,0.001076501,0.001076501,0.001076501,0.002958189,0.002958189,0.002958189,0.002958189,0.002958189,0.002958189,0.002958189,0.002958189,0.002958189,0.002958189,0.005596929,0.005596929,0.005596929,0.005596929,0.005596929,0.005596929,0.005596929,0.005596929,0.005596929,0.005596929,0.002004217,0.002004217,0.002004217,0.002004217,0.002004217,0.002004217,0.002004217,0.002004217,0.002004217,0.002004217
50,51,0.000586387,0.000586387,0.000586387,0.000586387,0.000586387,0.000586387,0.000586387,0.000586387,0.000586387,0.000586387,0.000586387,0.000586387,0.000586387,0.000586387,0.000586387,0.000586387,0.000586387,0.000586387,0.000586387,0.000586387,0.000586387,0.000586387,0.000586387,0.000586387,0.000586387,0.000586387,0.000586387,0.000586387,0.000586387,0.000586387,0.000586387,0.000586387,0.000586387,0.000586387,0.000586387,0.000586387,0.000586387,0.000586387,0.000586387,0.000586387,0.000586387,0.000586387,0.000586387,0.000586387,0.000586387,0.000586387,0.000586387,0.000586387,0.000586387,0.000586387,0.000586387,0.000586387,0.000586387,0.000586387,0.000586387,0.000586387,0.000586387,0.000586387,0.000586387,0.000586387,0.001076501,0.001076501,0.001076501,0.001076501,0.001076501,0.001076501,0.001076501,0.001076501,0.001076501,0.001076501,0.002958189,0.002958189,0.002958189,0.002958189,0.002958189,0.002958189,0.002958189,0.002958189,0.002958189,0.002958189,0.005596929,0.005596929,0.005596929,0.005596929,0.005596929,0.005596929,0.005596929,0.005596929,0.005596929,0.005596929,0.002004217,0.002004217,0.002004217,0.002004217,0.002004217,0.002004217,0.002004217,0.002004217,0.002004217,0.002004217
51,52,0.000586387,0.000586387,0.000586387,0.000586387,0.000586387,0.000586387,0.000586387,0.000586387,0.000586387,0.000586387,0.000586387,0.000586387,0.000586387,0.000586387,0.000586387,0.000586387,0.000586387,0.000586387,0.000586387,0.000586387,0.000586387,0.000586387,0.000586387,0.000586387,0.000586387,0.000586387,0.000586387,0.000586387,0.000586387,0.000586387,0.000586387,0.000586387,0.000586387,0.000586387,0.000586387,0.000586387,0.000586387,0.000586387,0.000586387,0.000586387,0.000586387,0.000586387,0.000586387,0.000586387,0.000586387,0.000586387,0.000586387,0.000586387,0.000586387,0.000586387,0.000586387,0.000586387,0.000586387,0.000586387,0.000586387,0.000586387,0.000586387,0.000586387,0.000586387,0.000586387,0.001076501,0.001076501,0.001076501,0.001076501,0.001076501,0.001076501,0.001076501,0.001076501,0.001076501,0.001076501,0.002958189,0.002958189,0.002958189,0.002958189,0.002958189,0.002958189,0.002958189,0.002958189,0.002958189,0.002958189,0.005596929,0.005596929,0.005596929,0.005596929,0.005596929,0.005596929,0.005596929,0.005596929,0.005596929,0.005596929,0.002004217,0.002004217,0.002004217,0.002004217,0.002004217,0.002004217,0.002004217,0.002004217,0.002004217,0.002004217
52,53,0.000586387,0.000586387,0.000586387,0.000586387,0.000586387,0.000586387,0.000586387,0.000586387,0.000586387,0.000586387,0.000586387,0.000586387,0.000586387,0.000586387,0.000586387,0.000586387,0.000586387,0.000586387,0.000586387,0.000586387,0.000586387,0.000586387,0.000586387,0.000586387,0.000586387,0.000586387,0.000586387,0.000586387,0.000586387,0.000586387,0.000586387,0.000586387,0.000586387,0.000586387,0.000586387,0.000586387,0.000586387,0.000586387,0.000586387,0.000586387,0.000586387,0.000586387,0.000586387,0.000586387,0.000586387,0.000586387,0.000586387,0.000586387,0.000586387,0.000586387,0.000586387,0.000586387,0.000586387,0.000586387,0.000586387,0.000586387,0.000586387,0.000586387,0.000586387,0.000586387,0.001076501,0.001076501,0.001076501,0.001076501,0.001076501,0.001076501,0.001076501,0.001076501,0.001076501,0.001076501,0.002958189,0.002958189,0.002958189,0.002958189,0.002958189,0.002958189,0.002958189,0.002958189,0.002958189,0.002958189,0.005596929,0.005596929,0.005596929,0.005596929,0.005596929,0.005596929,0.005596929,0.005596929,0.005596929,0.005596929,0.002004217,0.002004217,0.002004217,0.002004217,0.002004217,0.002004217,0.002004217,0.002004217,0.002004217,0.002004217
53,54,0.000586387,0.000586387,0.000586387,0.000586387,0.000586387,0.000586387,0.000586387,0.000586387,0.000586387,0.000586387,0.000586387,0.000586387,0.000586387,0.000586387,0.000586387,0.000586387,0.000586387,0.000586387,0.000586387,0.000586387,0.000586387,0.000586387,0.000586387,0.000586387,0.000586387,0.000586387,0.000586387,0.000586387,0.000586387,0.000586387,0.000586387,0.000586387,0.000586387,0.000586387,0.000586387,0.000586387,0.000586387,0.000586387,0.000586387,0.000586387,0.000586387,0.000586387,0.000586387,0.000586387,0.000586387,0.000586387,0.000586387,0.000586387,0.000586387,0.000586387,0.000586387,0.000586387,0.000586387,0.000586387,0.000586387,0.000586387,0.000586387,0.000586387,0.000586387,0.000586387,0.001076501,0.001076501,0.001076501,0.001076501,0.001076501,0.001076501,0.001076501,0.001076501,0.001076501,0.001076501,0.002958189,0.002958189,0.002958189,0.002958189,0.002958189,0.002958189,0.002958189,0.002958189,0.002958189,0.002958189,0.005596929,0.005596929,0.005596929,0.005596929,0.005596929,0.005596929,0.005596929,0.005596929,0.005596929,0.005596929,0.002004217,0.002004217,0.002004217,0.002004217,0.002004217,0.002004217,0.002004217,0.002004217,0.002004217,0.002004217
54,55,0.000586387,0.000586387,0.000586387,0.000586387,0.000586387,0.000586387,0.000586387,0.000586387,0.000586387,0.000586387,0.000586387,0.000586387,0.000586387,0.000586387,0.000586387,0.000586387,0.000586387,0.000586387,0.000586387,0.000586387,0.000586387,0.000586387,0.000586387,0.000586387,0.000586387,0.000586387,0.000586387,0.000586387,0.000586387,0.000586387,0.000586387,0.000586387,0.000586387,0.000586387,0.000586387,0.000586387,0.000586387,0.000586387,0.000586387,0.000586387,0.000586387,0.000586387,0.000586387,0.000586387,0.000586387,0.000586387,0.000586387,0.000586387,0.000586387,0.000586387,0.000586387,0.000586387,0.000586387,0.000586387,0.000586387,0.000586387,0.000586387,0.000586387,0.000586387,0.000586387,0.001076501,0.001076501,0.001076501,0.001076501,0.001076501,0.001076501,0.001076501,0.001076501,0.001076501,0.001076501,0.002958189,0.002958189,0.002958189,0.002958189,0.002958189,0.002958189,0.002958189,0.002958189,0.002958189,0.002958189,0.005596929,0.005596929,0.005596929,0.005596929,0.005596929,0.005596929,0.005596929,0.005596929,0.005596929,0.005596929,0.002004217,0.002004217,0.002004217,0.002004217,0.002004217,0.002004217,0.002004217,0.002004217,0.002004217,0.002004217
55,56,0.000586387,0.000586387,0.000586387,0.000586387,0.000586387,0.000586387,0.000586387,0.000586387,0.000586387,0.000586387,0.000586387,0.000586387,0.000586387,0.000586387,0.000586387,0.000586387,0.000586387,0.000586387,0.000586387,0.000586387,0.000586387,0.000586387,0.000586387,0.000586387,0.000586387,0.000586387,0.000586387,0.000586387,0.000586387,0.000586387,0.000586387,0.000586387,0.000586387,0.000586387,0.000586387,0.000586387,0.000586387,0.000586387,0.000586387,0.000586387,0.000586387,0.000586387,0.000586387,0.000586387,0.000586387,0.000586387,0.000586387,0.000586387,0.000586387,0.000586387,0.000586387,0.000586387,0.000586387,0.000586387,0.000586387,0.000586387,0.000586387,0.000586387,0.000586387,0.000586387,0.001076501,0.001076501,0.001076501,0.001076501,0.001076501,0.001076501,0.001076501,0.001076501,0.001076501,0.001076501,0.002958189,0.002958189,0.002958189,0.002958189,0.002958189,0.002958189,0.002958189,0.002958189,0.002958189,0.002958189,0.005596929,0.005596929,0.005596929,0.005596929,0.005596929,0.005596929,0.005596929,0.005596929,0.005596929,0.005596929,0.002004217,0.002004217,0.002004217,0.002004217,0.002004217,0.002004217,0.002004217,0.002004217,0.002004217,0.002004217
56,57,0.000586387,0.000586387,0.000586387,0.000586387,0.000586387,0.000586387,0.000586387,0.000586387,0.000586387,0.000586387,0.000586387,0.000586387,0.000586387,0.000586387,0.000586387,0.000586387,0.000586387,0.000586387,0.000586387,0.000586387,0.000586387,0.000586387,0.000586387,0.000586387,0.000586387,0.000586387,0.000586387,0.000586387,0.000586387,0.000586387,0.000586387,0.000586387,0.000586387,0.000586387,0.000586387,0.000586387,0.000586387,0.000586387,0.000586387,0.000586387,0.000586387,0.000586387,0.000586387,0.000586387,0.000586387,0.000586387,0.000586387,0.000586387,0.000586387,0.000586387,0.000586387,0.000586387,0.000586387,0.000586387,0.000586387,0.000586387,0.000586387,0.000586387,0.000586387,0.000586387,0.001076501,0.001076501,0.001076501,0.001076501,0.001076501,0.001076501,0.001076501,0.001076501,0.001076501,0.001076501,0.002958189,0.002958189,0.002958189,0.002958189,0.002958189,0.002958189,0.002958189,0.002958189,0.002958189,0.002958189,0.005596929,0.005596929,0.005596929,0.005596929,0.005596929,0.005596929,0.005596929,0.005596929,0.005596929,0.005596929,0.002004217,0.002004217,0.002004217,0.002004217,0.002004217,0.002004217,0.002004217,0.002004217,0.002004217,0.002004217
57,58,0.000586387,0.000586387,0.000586387,0.000586387,0.000586387,0.000586387,0.000586387,0.000586387,0.000586387,0.000586387,0.000586387,0.000586387,0.000586387,0.000586387,0.000586387,0.000586387,0.000586387,0.000586387,0.000586387,0.000586387,0.000586387,0.000586387,0.000586387,0.000586387,0.000586387,0.000586387,0.000586387,0.000586387,0.000586387,0.000586387,0.000586387,0.000586387,0.000586387,0.000586387,0.000586387,0.000586387,0.000586387,0.000586387,0.000586387,0.000586387,0.000586387,0.000586387,0.000586387,0.000586387,0.000586387,0.000586387,0.000586387,0.000586387,0.000586387,0.000586387,0.000586387,0.000586387,0.000586387,0.000586387,0.000586387,0.000586387,0.000586387,0.000586387,0.000586387,0.000586387,0.001076501,0.001076501,0.001076501,0.001076501,0.001076501,0.001076501,0.001076501,0.001076501,0.001076501,0.001076501,0.002958189,0.002958189,0.002958189,0.002958189,0.002958189,0.002958189,0.002958189,0.002958189,0.002958189,0.002958189,0.005596929,0.005596929,0.005596929,0.005596929,0.005596929,0.005596929,0.005596929,0.005596929,0.005596929,0.005596929,0.002004217,0.002004217,0.002004217,0.002004217,0.002004217,0.002004217,0.002004217,0.002004217,0.002004217,0.002004217
58,59,0.000586387,0.000586387,0.000586387,0.000586387,0.000586387,0.000586387,0.000586387,0.000586387,0.000586387,0.000586387,0.000586387,0.000586387,0.000586387,0.000586387,0.000586387,0.000586387,0.000586387,0.000586387,0.000586387,0.000586387,0.000586387,0.000586387,0.000586387,0.000586387,0.000586387,0.000586387,0.000586387,0.000586387,0.000586387,0.000586387,0.000586387,0.000586387,0.000586387,0.000586387,0.000586387,0.000586387,0.000586387,0.000586387,0.000586387,0.000586387,0.000586387,0.000586387,0.000586387,0.000586387,0.000586387,0.000586387,0.000586387,0.000586387,0.000586387,0.000586387,0.000586387,0.000586387,0.000586387,0.000586387,0.000586387,0.000586387,0.000586387,0.000586387,0.000586387,0.000586387,0.001076501,0.001076501,0.001076501,0.001076501,0.001076501,0.001076501,0.001076501,0.001076501,0.001076501,0.001076501,0.002958189,0.002958189,0.002958189,0.002958189,0.002958189,0.002958189,0.002958189,0.002958189,0.002958189,0.002958189,0.005596929,0.005596929,0.005596929,0.005596929,0.005596929,0.005596929,0.005596929,0.005596929,0.005596929,0.005596929,0.002004217,0.002004217,0.002004217,0.002004217,0.002004217,0.002004217,0.002004217,0.002004217,0.002004217,0.002004217
59,60,0.000586387,0.000586387,0.000586387,0.000586387,0.000586387,0.000586387,0.000586387,0.000586387,0.000586387,0.000586387,0.000586387,0.000586387,0.000586387,0.000586387,0.000586387,0.000586387,0.000586387,0.000586387,0.000586387,0.000586387,0.000586387,0.000586387,0.000586387,0.000586387,0.000586387,0.000586387,0.000586387,0.000586387,0.000586387,0.000586387,0.000586387,0.000586387,0.000586387,0.000586387,0.000586387,0.000586387,0.000586387,0.000586387,0.000586387,0.000586387,0.000586387,0.000586387,0.000586387,0.000586387,0.000586387,0.000586387,0.000586387,0.000586387,0.000586387,0.000586387,0.000586387,0.000586387,0.000586387,0.000586387,0.000586387,0.000586387,0.000586387,0.000586387,0.000586387,0.000586387,0.001076501,0.001076501,0.001076501,0.001076501,0.001076501,0.001076501,0.001076501,0.001076501,0.001076501,0.001076501,0.002958189,0.002958189,0.002958189,0.002958189,0.002958189,0.002958189,0.002958189,0.002958189,0.002958189,0.002958189,0.005596929,0.005596929,0.005596929,0.005596929,0.005596929,0.005596929,0.005596929,0.005596929,0.005596929,0.005596929,0.002004217,0.002004217,0.002004217,0.002004217,0.002004217,0.002004217,0.002004217,0.002004217,0.002004217,0.002004217
60,61,0.000586387,0.000586387,0.000586387,0.000586387,0.000586387,0.000586387,0.000586387,0.000586387,0.000586387,0.000586387,0.000586387,0.000586387,0.000586387,0.000586387,0.000586387,0.000586387,0.000586387,0.000586387,0.000586387,0.000586387,0.000586387,0.000586387,0.000586387,0.000586387,0.000586387,0.000586387,0.000586387,0.000586387,0.000586387,0.000586387,0.000586387,0.000586387,0.000586387,0.000586387,0.000586387,0.000586387,0.000586387,0.000586387,0.000586387,0.000586387,0.000586387,0.000586387,0.000586387,0.000586387,0.000586387,0.000586387,0.000586387,0.000586387,0.000586387,0.000586387,0.000586387,0.000586387,0.000586387,0.000586387,0.000586387,0.000586387,0.000586387,0.000586387,0.000586387,0.000586387,0.001076501,0.001076501,0.001076501,0.001076501,0.001076501,0.001076501,0.001076501,0.001076501,0.001076501,0.001076501,0.002958189,0.002958189,0.002958189,0.002958189,0.002958189,0.002958189,0.002958189,0.002958189,0.002958189,0.002958189,0.005596929,0.005596929,0.005596929,0.005596929,0.005596929,0.005596929,0.005596929,0.005596929,0.005596929,0.005596929,0.002004217,0.002004217,0.002004217,0.002004217,0.002004217,0.002004217,0.002004217,0.002004217,0.002004217,0.002004217
61,62,0.000586387,0.000586387,0.000586387,0.000586387,0.000586387,0.000586387,0.000586387,0.000586387,0.000586387,0.000586387,0.000586387,0.000586387,0.000586387,0.000586387,0.000586387,0.000586387,0.000586387,0.000586387,0.000586387,0.000586387,0.000586387,0.000586387,0.000586387,0.000586387,0.000586387,0.000586387,0.000586387,0.000586387,0.000586387,0.000586387,0.000586387,0.000586387,0.000586387,0.000586387,0.000586387,0.000586387,0.000586387,0.000586387,0.000586387,0.000586387,0.000586387,0.000586387,0.000586387,0.000586387,0.000586387,0.000586387,0.000586387,0.000586387,0.000586387,0.000586387,0.000586387,0.000586387,0.000586387,0.000586387,0.000586387,0.000586387,0.000586387,0.000586387,0.000586387,0.000586387,0.001076501,0.001076501,0.001076501,0.001076501,0.001076501,0.001076501,0.001076501,0.001076501,0.001076501,0.001076501,0.002958189,0.002958189,0.002958189,0.002958189,0.002958189,0.002958189,0.002958189,0.002958189,0.002958189,0.002958189,0.005596929,0.005596929,0.005596929,0.005596929,0.005596929,0.005596929,0.005596929,0.005596929,0.005596929,0.005596929,0.002004217,0.002004217,0.002004217,0.002004217,0.002004217,0.002004217,0.002004217,0.002004217,0.002004217,0.002004217
62,63,0.000586387,0.000586387,0.000586387,0.000586387,0.000586387,0.000586387,0.000586387,0.000586387,0.000586387,0.000586387,0.000586387,0.000586387,0.000586387,0.000586387,0.000586387,0.000586387,0.000586387,0.000586387,0.000586387,0.000586387,0.000586387,0.000586387,0.000586387,0.000586387,0.000586387,0.000586387,0.000586387,0.000586387,0.000586387,0.000586387,0.000586387,0.000586387,0.000586387,0.000586387,0.000586387,0.000586387,0.000586387,0.000586387,0.000586387,0.000586387,0.000586387,0.000586387,0.000586387,0.000586387,0.000586387,0.000586387,0.000586387,0.000586387,0.000586387,0.000586387,0.000586387,0.000586387,0.000586387,0.000586387,0.000586387,0.000586387,0.000586387,0.000586387,0.000586387,0.000586387,0.001076501,0.001076501,0.001076501,0.001076501,0.001076501,0.001076501,0.001076501,0.001076501,0.001076501,0.001076501,0.002958189,0.002958189,0.002958189,0.002958189,0.002958189,0.002958189,0.002958189,0.002958189,0.002958189,0.002958189,0.005596929,0.005596929,0.005596929,0.005596929,0.005596929,0.005596929,0.005596929,0.005596929,0.005596929,0.005596929,0.002004217,0.002004217,0.002004217,0.002004217,0.002004217,0.002004217,0.002004217,0.002004217,0.002004217,0.002004217
63,64,0.000586387,0.000586387,0.000586387,0.000586387,0.000586387,0.000586387,0.000586387,0.000586387,0.000586387,0.000586387,0.000586387,0.000586387,0.000586387,0.000586387,0.000586387,0.000586387,0.000586387,0.000586387,0.000586387,0.000586387,0.000586387,0.000586387,0.000586387,0.000586387,0.000586387,0.000586387,0.000586387,0.000586387,0.000586387,0.000586387,0.000586387,0.000586387,0.000586387,0.000586387,0.000586387,0.000586387,0.000586387,0.000586387,0.000586387,0.000586387,0.000586387,0.000586387,0.000586387,0.000586387,0.000586387,0.000586387,0.000586387,0.000586387,0.000586387,0.000586387,0.000586387,0.000586387,0.000586387,0.000586387,0.000586387,0.000586387,0.000586387,0.000586387,0.000586387,0.000586387,0.001076501,0.001076501,0.001076501,0.001076501,0.001076501,0.001076501,0.001076501,0.001076501,0.001076501,0.001076501,0.002958189,0.002958189,0.002958189,0.002958189,0.002958189,0.002958189,0.002958189,0.002958189,0.002958189,0.002958189,0.005596929,0.005596929,0.005596929,0.005596929,0.005596929,0.005596929,0.005596929,0.005596929,0.005596929,0.005596929,0.002004217,0.002004217,0.002004217,0.002004217,0.002004217,0.002004217,0.002004217,0.002004217,0.002004217,0.002004217
64,65,0.000586387,0.000586387,0.000586387,0.000586387,0.000586387,0.000586387,0.000586387,0.000586387,0.000586387,0.000586387,0.000586387,0.000586387,0.000586387,0.000586387,0.000586387,0.000586387,0.000586387,0.000586387,0.000586387,0.000586387,0.000586387,0.000586387,0.000586387,0.000586387,0.000586387,0.000586387,0.000586387,0.000586387,0.000586387,0.000586387,0.000586387,0.000586387,0.000586387,0.000586387,0.000586387,0.000586387,0.000586387,0.000586387,0.000586387,0.000586387,0.000586387,0.000586387,0.000586387,0.000586387,0.000586387,0.000586387,0.000586387,0.000586387,0.000586387,0.000586387,0.000586387,0.000586387,0.000586387,0.000586387,0.000586387,0.000586387,0.000586387,0.000586387,0.000586387,0.000586387,0.001076501,0.001076501,0.001076501,0.001076501,0.001076501,0.001076501,0.001076501,0.001076501,0.001076501,0.001076501,0.002958189,0.002958189,0.002958189,0.002958189,0.002958189,0.002958189,0.002958189,0.002958189,0.002958189,0.002958189,0.005596929,0.005596929,0.005596929,0.005596929,0.005596929,0.005596929,0.005596929,0.005596929,0.005596929,0.005596929,0.002004217,0.002004217,0.002004217,0.002004217,0.002004217,0.002004217,0.002004217,0.002004217,0.002004217,0.002004217
65,66,0.000586387,0.000586387,0.000586387,0.000586387,0.000586387,0.000586387,0.000586387,0.000586387,0.000586387,0.000586387,0.000586387,0.000586387,0.000586387,0.000586387,0.000586387,0.000586387,0.000586387,0.000586387,0.000586387,0.000586387,0.000586387,0.000586387,0.000586387,0.000586387,0.000586387,0.000586387,0.000586387,0.000586387,0.000586387,0.000586387,0.000586387,0.000586387,0.000586387,0.000586387,0.000586387,0.000586387,0.000586387,0.000586387,0.000586387,0.000586387,0.000586387,0.000586387,0.000586387,0.000586387,0.000586387,0.000586387,0.000586387,0.000586387,0.000586387,0.000586387,0.000586387,0.000586387,0.000586387,0.000586387,0.000586387,0.000586387,0.000586387,0.000586387,0.000586387,0.000586387,0.001076501,0.001076501,0.001076501,0.001076501,0.001076501,0.001076501,0.001076501,0.001076501,0.001076501,0.001076501,0.002958189,0.002958189,0.002958189,0.002958189,0.002958189,0.002958189,0.002958189,0.002958189,0.002958189,0.002958189,0.005596929,0.005596929,0.005596929,0.005596929,0.005596929,0.005596929,0.005596929,0.005596929,0.005596929,0.005596929,0.002004217,0.002004217,0.002004217,0.002004217,0.002004217,0.002004217,0.002004217,0.002004217,0.002004217,0.002004217
66,67,0.000586387,0.000586387,0.000586387,0.000586387,0.000586387,0.000586387,0.000586387,0.000586387,0.000586387,0.000586387,0.000586387,0.000586387,0.000586387,0.000586387,0.000586387,0.000586387,0.000586387,0.000586387,0.000586387,0.000586387,0.000586387,0.000586387,0.000586387,0.000586387,0.000586387,0.000586387,0.000586387,0.000586387,0.000586387,0.000586387,0.000586387,0.000586387,0.000586387,0.000586387,0.000586387,0.000586387,0.000586387,0.000586387,0.000586387,0.000586387,0.000586387,0.000586387,0.000586387,0.000586387,0.000586387,0.000586387,0.000586387,0.000586387,0.000586387,0.000586387,0.000586387,0.000586387,0.000586387,0.000586387,0.000586387,0.000586387,0.000586387,0.000586387,0.000586387,0.000586387,0.001076501,0.001076501,0.001076501,0.001076501,0.001076501,0.001076501,0.001076501,0.001076501,0.001076501,0.001076501,0.002958189,0.002958189,0.002958189,0.002958189,0.002958189,0.002958189,0.002958189,0.002958189,0.002958189,0.002958189,0.005596929,0.005596929,0.005596929,0.005596929,0.005596929,0.005596929,0.005596929,0.005596929,0.005596929,0.005596929,0.002004217,0.002004217,0.002004217,0.002004217,0.002004217,0.002004217,0.002004217,0.002004217,0.002004217,0.002004217
67,68,0.000586387,0.000586387,0.000586387,0.000586387,0.000586387,0.000586387,0.000586387,0.000586387,0.000586387,0.000586387,0.000586387,0.000586387,0.000586387,0.000586387,0.000586387,0.000586387,0.000586387,0.000586387,0.000586387,0.000586387,0.000586387,0.000586387,0.000586387,0.000586387,0.000586387,0.000586387,0.000586387,0.000586387,0.000586387,0.000586387,0.000586387,0.000586387,0.000586387,0.000586387,0.000586387,0.000586387,0.000586387,0.000586387,0.000586387,0.000586387,0.000586387,0.000586387,0.000586387,0.000586387,0.000586387,0.000586387,0.000586387,0.000586387,0.000586387,0.000586387,0.000586387,0.000586387,0.000586387,0.000586387,0.000586387,0.000586387,0.000586387,0.000586387,0.000586387,0.000586387,0.001076501,0.001076501,0.001076501,0.001076501,0.001076501,0.001076501,0.001076501,0.001076501,0.001076501,0.001076501,0.002958189,0.002958189,0.002958189,0.002958189,0.002958189,0.002958189,0.002958189,0.002958189,0.002958189,0.002958189,0.005596929,0.005596929,0.005596929,0.005596929,0.005596929,0.005596929,0.005596929,0.005596929,0.005596929,0.005596929,0.002004217,0.002004217,0.002004217,0.002004217,0.002004217,0.002004217,0.002004217,0.002004217,0.002004217,0.002004217
68,69,0.000586387,0.000586387,0.000586387,0.000586387,0.000586387,0.000586387,0.000586387,0.000586387,0.000586387,0.000586387,0.000586387,0.000586387,0.000586387,0.000586387,0.000586387,0.000586387,0.000586387,0.000586387,0.000586387,0.000586387,0.000586387,0.000586387,0.000586387,0.000586387,0.000586387,0.000586387,0.000586387,0.000586387,0.000586387,0.000586387,0.000586387,0.000586387,0.000586387,0.000586387,0.000586387,0.000586387,0.000586387,0.000586387,0.000586387,0.000586387,0.000586387,0.000586387,0.000586387,0.000586387,0.000586387,0.000586387,0.000586387,0.000586387,0.000586387,0.000586387,0.000586387,0.000586387,0.000586387,0.000586387,0.000586387,0.000586387,0.000586387,0.000586387,0.000586387,0.000586387,0.001076501,0.001076501,0.001076501,0.001076501,0.001076501,0.001076501,0.001076501,0.001076501,0.001076501,0.001076501,0.002958189,0.002958189,0.002958189,0.002958189,0.002958189,0.002958189,0.002958189,0.002958189,0.002958189,0.002958189,0.005596929,0.005596929,0.005596929,0.005596929,0.005596929,0.005596929,0.005596929,0.005596929,0.005596929,0.005596929,0.002004217,0.002004217,0.002004217,0.002004217,0.002004217,0.002004217,0.002004217,0.002004217,0.002004217,0.002004217
69,70,0.000586387,0.000586387,0.000586387,0.000586387,0.000586387,0.000586387,0.000586387,0.000586387,0.000586387,0.000586387,0.000586387,0.000586387,0.000586387,0.000586387,0.000586387,0.000586387,0.000586387,0.000586387,0.000586387,0.000586387,0.000586387,0.000586387,0.000586387,0.000586387,0.000586387,0.000586387,0.000586387,0.000586387,0.000586387,0.000586387,0.000586387,0.000586387,0.000586387,0.000586387,0.000586387,0.000586387,0.000586387,0.000586387,0.000586387,0.000586387,0.000586387,0.000586387,0.000586387,0.000586387,0.000586387,0.000586387,0.000586387,0.000586387,0.000586387,0.000586387,0.000586387,0.000586387,0.000586387,0.000586387,0.000586387,0.000586387,0.000586387,0.000586387,0.000586387,0.000586387,0.001076501,0.001076501,0.001076501,0.001076501,0.001076501,0.001076501,0.001076501,0.001076501,0.001076501,0.001076501,0.002958189,0.002958189,0.002958189,0.002958189,0.002958189,0.002958189,0.002958189,0.002958189,0.002958189,0.002958189,0.005596929,0.005596929,0.005596929,0.005596929,0.005596929,0.005596929,0.005596929,0.005596929,0.005596929,0.005596929,0.002004217,0.002004217,0.002004217,0.002004217,0.002004217,0.002004217,0.002004217,0.002004217,0.002004217,0.002004217
70,71,0.000586387,0.000586387,0.000586387,0.000586387,0.000586387,0.000586387,0.000586387,0.000586387,0.000586387,0.000586387,0.000586387,0.000586387,0.000586387,0.000586387,0.000586387,0.000586387,0.000586387,0.000586387,0.000586387,0.000586387,0.000586387,0.000586387,0.000586387,0.000586387,0.000586387,0.000586387,0.000586387,0.000586387,0.000586387,0.000586387,0.000586387,0.000586387,0.000586387,0.000586387,0.000586387,0.000586387,0.000586387,0.000586387,0.000586387,0.000586387,0.000586387,0.000586387,0.000586387,0.000586387,0.000586387,0.000586387,0.000586387,0.000586387,0.000586387,0.000586387,0.000586387,0.000586387,0.000586387,0.000586387,0.000586387,0.000586387,0.000586387,0.000586387,0.000586387,0.000586387,0.001076501,0.001076501,0.001076501,0.001076501,0.001076501,0.001076501,0.001076501,0.001076501,0.001076501,0.001076501,0.002958189,0.002958189,0.002958189,0.002958189,0.002958189,0.002958189,0.002958189,0.002958189,0.002958189,0.002958189,0.005596929,0.005596929,0.005596929,0.005596929,0.005596929,0.005596929,0.005596929,0.005596929,0.005596929,0.005596929,0.002004217,0.002004217,0.002004217,0.002004217,0.002004217,0.002004217,0.002004217,0.002004217,0.002004217,0.002004217
71,72,0.000586387,0.000586387,0.000586387,0.000586387,0.000586387,0.000586387,0.000586387,0.000586387,0.000586387,0.000586387,0.000586387,0.000586387,0.000586387,0.000586387,0.000586387,0.000586387,0.000586387,0.000586387,0.000586387,0.000586387,0.000586387,0.000586387,0.000586387,0.000586387,0.000586387,0.000586387,0.000586387,0.000586387,0.000586387,0.000586387,0.000586387,0.000586387,0.000586387,0.000586387,0.000586387,0.000586387,0.000586387,0.000586387,0.000586387,0.000586387,0.000586387,0.000586387,0.000586387,0.000586387,0.000586387,0.000586387,0.000586387,0.000586387,0.000586387,0.000586387,0.000586387,0.000586387,0.000586387,0.000586387,0.000586387,0.000586387,0.000586387,0.000586387,0.000586387,0.000586387,0.001076501,0.001076501,0.001076501,0.001076501,0.001076501,0.001076501,0.001076501,0.001076501,0.001076501,0.001076501,0.002958189,0.002958189,0.002958189,0.002958189,0.002958189,0.002958189,0.002958189,0.002958189,0.002958189,0.002958189,0.005596929,0.005596929,0.005596929,0.005596929,0.005596929,0.005596929,0.005596929,0.005596929,0.005596929,0.005596929,0.002004217,0.002004217,0.002004217,0.002004217,0.002004217,0.002004217,0.002004217,0.002004217,0.002004217,0.002004217
